"search_string","unique_name","approximate_match","score","ott_id","is_synonym","flags","number_matches"
"Acanthephyra_acutifrons","Acanthephyra_acutifrons",TRUE,0.95652174949646,2974261,FALSE,"sibling_higher",1
"Acanthephyra_curtirostris","Acanthephyra_curtirostris",TRUE,0.959999978542328,563063,FALSE,"sibling_higher",3
"Acanthephyra_stylorostratis","Acanthephyra_stylorostratis",TRUE,0.962962985038757,367600,FALSE,"sibling_higher",2
"Acanthina_punctulata","Acanthinucella_punctulata",TRUE,0.949999988079071,294761,FALSE,"",2
"Acanthina_spirata","Acanthinucella_spirata",TRUE,0.941176474094391,294762,FALSE,"",1
"Acestrorhynchus_heterolepis","Acestrorhynchus_heterolepis",TRUE,0.962962985038757,512087,FALSE,"",1
"Acestrorhynchus_minimus","Acestrorhynchus_minimus",TRUE,0.95652174949646,512091,FALSE,"",1
"Acetes_intermedius","Acetes_intermedius",TRUE,0.944444417953491,2970917,FALSE,"",3
"Achirus_lineatus","Achirus_lineatus",TRUE,0.9375,153494,FALSE,"",4
"Acrochordus_arafurae","Acrochordus_arafurae",TRUE,0.949999988079071,522482,FALSE,"",1
"Acrochordus_granulatus","Acrochordus_granulatus",TRUE,0.954545438289642,511702,FALSE,"",1
"Actina_equina","Actinia_equina",TRUE,0.857142865657806,1084476,FALSE,"sibling_higher",1
"Adontosternarchus_devenanzii","Adontosternarchus_devenanzii",TRUE,0.964285731315613,3621581,FALSE,"",1
"Aeginura_grimoldii","Aeginura_grimaldii",TRUE,0.888888895511627,369807,FALSE,"",1
"Aelurillus_muganicus","Aelurillus_concolor",TRUE,0.949999988079071,3547998,FALSE,"",1
"Aequidens_diadema","Aequidens_diadema",TRUE,0.941176474094391,797223,FALSE,"",1
"Afronatrix_anoscopus","Afronatrix_anoscopus",TRUE,0.949999988079071,1074252,FALSE,"",1
"Agama_agama","Agama_agama",TRUE,0.90909093618393,144931,FALSE,"sibling_higher",1
"Agama_hispida","Agama_hispida",TRUE,0.923076927661896,620401,FALSE,"sibling_higher",2
"Agama_rueppelli","Agama_rueppelli",TRUE,0.933333337306976,568287,FALSE,"sibling_higher",4
"Ageneiosus_brevifilis","Ageneiosus_inermis",TRUE,0.952380955219269,1077781,FALSE,"",2
"Agkistrodon_contortrix","Agkistrodon_contortrix",TRUE,0.954545438289642,27080,FALSE,"",2
"Aglantha_digitale","Aglantha_digitale",TRUE,0.941176474094391,459324,FALSE,"",2
"Agonostomus_monticola","Agonostomus_monticola",TRUE,0.952380955219269,760514,FALSE,"",2
"Agonum_dorsale","Anchomenus_dorsalis",TRUE,0.928571403026581,222324,FALSE,"",2
"Alepisaurus_ferox","Alepisaurus_ferox",TRUE,0.941176474094391,587926,FALSE,"",1
"Alfaro_cultratus","Alfaro_cultratus",TRUE,0.9375,808626,FALSE,"",1
"Alitta_virens","Alitta_virens",TRUE,0.923076927661896,986619,FALSE,"",1
"Allantactis_parasitica","Allantactis_parasitica",TRUE,0.954545438289642,858464,FALSE,"",1
"Alle_alle","Alle_alle",TRUE,0.888888895511627,280899,FALSE,"",1
"Alligator_mississippiensis","Alligator_mississippiensis",TRUE,0.961538434028625,335590,FALSE,"",3
"Alloteuthis_media","Alloteuthis_media",TRUE,0.941176474094391,801587,FALSE,"",2
"Alopias_pelagicus","Alopias_pelagicus",TRUE,0.941176474094391,801808,FALSE,"",1
"Alopias_vulpinus","Alopias_vulpinus",TRUE,0.9375,1077204,FALSE,"",1
"Alopoglossus_angulatus","Alopoglossus_angulatus",TRUE,0.954545438289642,545549,FALSE,"",2
"Alopoglossus_atriventris","Alopoglossus_atriventris",TRUE,0.958333313465118,693619,FALSE,"",1
"Alosa_sapidissima","Alosa_sapidissima",TRUE,0.941176474094391,519453,FALSE,"",1
"Amblyraja_georgiana","Amblyraja_georgiana",TRUE,0.947368443012238,597622,FALSE,"",1
"Ambystoma_cingulatum","Ambystoma_cingulatum",TRUE,0.949999988079071,412661,FALSE,"",3
"Ambystoma_rivulare","Ambystoma_rivulare",TRUE,0.944444417953491,675687,FALSE,"",2
"Ambystoma_texanum","Ambystoma_texanum",TRUE,0.941176474094391,1092555,FALSE,"",1
"Ameiurus_natalis","Ameiurus_natalis",TRUE,0.9375,362803,FALSE,"",2
"Ameiva_ameiva","Ameiva_ameiva",TRUE,0.923076927661896,661799,FALSE,"",1
"Ameiva_festiva","Holcosus_festivus",TRUE,0.928571403026581,153490,FALSE,"",2
"Amia_calva","Amia_calva",TRUE,0.899999976158142,329623,FALSE,"",1
"Amietia_angolensis","Amietia_angolensis",TRUE,0.944444417953491,72654,FALSE,"",1
"Amietophrynus_garmani","Sclerophrys_garmani",TRUE,0.952380955219269,405552,FALSE,"",1
"Amphilophus_citrinellus","Amphilophus_citrinellus",TRUE,0.95652174949646,358037,FALSE,"sibling_higher",2
"Amphiura_chiajei","Amphiura_chiajei",TRUE,0.9375,269274,FALSE,"sibling_higher",1
"Amphiura_filiformis","Amphiura_filiformis",TRUE,0.947368443012238,269275,FALSE,"sibling_higher",4
"Anasterias_antarctica","Anasterias_antarctica",TRUE,0.952380955219269,904273,FALSE,"",2
"Anaxyrus_debilis","Anaxyrus_debilis",TRUE,0.9375,436339,FALSE,"",2
"Anaxyrus_punctatus","Anaxyrus_punctatus",TRUE,0.944444417953491,931362,FALSE,"",1
"Anchoa_mitchilli","Anchoa_mitchilli",TRUE,0.9375,681352,FALSE,"",1
"Andinobates_minutus","Andinobates_minutus",TRUE,0.947368443012238,947666,FALSE,"",1
"Aneides_ferreus","Aneides_ferreus",TRUE,0.933333337306976,459361,FALSE,"",2
"Aneides_flavipunctatus","Aneides_flavipunctatus",TRUE,0.954545438289642,459362,FALSE,"",1
"Aneides_lugubris","Aneides_lugubris",TRUE,0.9375,64142,FALSE,"",2
"Anemonia_viridis","Anemonia_viridis",TRUE,0.9375,214124,FALSE,"",1
"Anguilla_anguilla","Anguilla_anguilla",TRUE,0.941176474094391,854201,FALSE,"",2
"Anolis_capito","Anolis_capito",TRUE,0.923076927661896,494015,FALSE,"",1
"Anolis_chrysolepis","Anolis_chrysolepis",TRUE,0.944444417953491,901110,FALSE,"",3
"Anolis_fuscoauratus","Anolis_fuscoauratus",TRUE,0.947368443012238,653137,FALSE,"",2
"Anolis_humilis","Anolis_humilis",TRUE,0.928571403026581,967569,FALSE,"",4
"Anolis_limifrons","Anolis_limifrons",TRUE,0.9375,245842,FALSE,"",6
"Anolis_oxylophus","Anolis_oxylophus",TRUE,0.9375,853245,FALSE,"",1
"Anolis_punctatus","Anolis_punctatus",TRUE,0.9375,973783,FALSE,"",3
"Anolis_scypheus","Anolis_scypheus",TRUE,0.933333337306976,6157172,FALSE,"",2
"Anolis_tandai","Anolis_tandai",TRUE,0.923076927661896,5852450,FALSE,"",1
"Anolis_trachyderma","Anolis_trachyderma",TRUE,0.944444417953491,196312,FALSE,"",1
"Anthomastus_bathyproctus","Anthomastus_bathyproctus",TRUE,0.958333313465118,3679052,FALSE,"",1
"Anthopleura_nigrescens","Anthopleura_nigrescens",TRUE,0.954545438289642,486995,FALSE,"sibling_higher",1
"Aphanius_farsicus","Aphanius_farsicus",TRUE,0.941176474094391,818337,FALSE,"",2
"Aphanius_fasciatus","Aphanius_fasciatus",TRUE,0.944444417953491,763270,FALSE,"",4
"Aphyocharax_erythrurus","Aphyocharax_erythrurus",TRUE,0.954545438289642,3624943,FALSE,"",1
"Apistogramma","Apistogramma",FALSE,1,533599,FALSE,"",1
"Apistogramma_hoignei","Apistogramma_hoignei",TRUE,0.949999988079071,467398,FALSE,"",1
"Aplocheilichthys_johnstoni","Micropanchax_johnstoni",TRUE,0.961538434028625,3641893,FALSE,"",3
"Aplodinotus_grunniens","Aplodinotus_grunniens",TRUE,0.952380955219269,691811,FALSE,"",2
"Archaeomysis_japonica","Archaeomysis_japonica",TRUE,0.952380955219269,683221,FALSE,"",1
"Archaeomysis_kokuboi","Archaeomysis_kokuboi",TRUE,0.949999988079071,683222,FALSE,"",1
"Archocentrus_centrarchus","Archocentrus_centrarchus",TRUE,0.958333313465118,245402,FALSE,"",1
"Arctocephalus_australis","Arctocephalus_australis",TRUE,0.95652174949646,796568,FALSE,"",6
"Arctocephalus_tropicalis","Arctocephalus_tropicalis",TRUE,0.958333313465118,336151,FALSE,"",1
"Arctogadus_glacialis","Arctogadus_glacialis",TRUE,0.949999988079071,1014041,FALSE,"",1
"Argyropelecus_lychnus","Argyropelecus_lychnus",TRUE,0.952380955219269,462614,FALSE,"",2
"Arius_felis","Ariopsis_felis",TRUE,0.90909093618393,139650,FALSE,"",1
"Artedidraco_loennbergi","Artedidraco_lonnbergi",TRUE,0.954545438289642,816890,FALSE,"",4
"Artedidraco_orianae","Artedidraco_orianae",TRUE,0.947368443012238,871232,FALSE,"",2
"Artedidraco_skottsbergi","Artedidraco_skottsbergi",TRUE,0.95652174949646,268814,FALSE,"",1
"Arthrosaura_reticulata","Arthrosaura_reticulata",TRUE,0.954545438289642,170675,FALSE,"",1
"Aspidoscelis_tigris","Aspidoscelis_tigris",TRUE,0.947368443012238,690595,FALSE,"",1
"Aspius_aspius","Aspius_aspius",TRUE,0.923076927661896,963424,FALSE,"",1
"Astatheros_alfari","Cribroheros_alfari",TRUE,0.941176474094391,775035,FALSE,"",1
"Asterias_rubens","Asterias_rubens",TRUE,0.933333337306976,721252,FALSE,"",4
"Astronotus_ocellatus","Astronotus_ocellatus",TRUE,0.949999988079071,952936,FALSE,"",1
"Astropecten_aranciacus","Astropecten_aranciacus",TRUE,0.954545438289642,91274,FALSE,"",3
"Astropecten_articulatus","Astropecten_articulatus",TRUE,0.95652174949646,258316,FALSE,"",2
"Astropecten_indicus","Astropecten_indicus",TRUE,0.947368443012238,443981,FALSE,"",3
"Astropecten_irregularis","Astropecten_irregularis",TRUE,0.95652174949646,269238,FALSE,"",2
"Astropecten_platyacanthus","Astropecten_platyacanthus",TRUE,0.959999978542328,964772,FALSE,"",3
"Astropecten_scoparius","Astropecten_scoparius",TRUE,0.952380955219269,964776,FALSE,"",1
"Astrostole_scabra","Astrostole_scabra",TRUE,0.941176474094391,1045256,FALSE,"",2
"Astrotoma_agassizii","Astrotoma_agassizii",TRUE,0.947368443012238,19793,FALSE,"",1
"Atherina_boyeri","Atherina_boyeri",TRUE,0.933333337306976,415774,FALSE,"sibling_higher",2
"Atherinella_hubbsi","Atherinella_hubbsi",TRUE,0.944444417953491,680147,FALSE,"",1
"Atlantoraja_cyclophora","Atlantoraja_cyclophora",TRUE,0.954545438289642,781240,FALSE,"",1
"Atractosteus_spatula","Atractosteus_spatula",TRUE,0.949999988079071,904117,FALSE,"",1
"Aurelia_aurita","Aurelia_aurita",TRUE,0.928571403026581,404481,FALSE,"",1
"Aurelia_limbata","Aurelia_limbata",TRUE,0.933333337306976,408842,FALSE,"",2
"Aythya_affinis","Aythya_affinis",TRUE,0.928571403026581,1044556,FALSE,"",3
"Aythya_americana","Aythya_americana",TRUE,0.9375,693332,FALSE,"",1
"Aythya_ferina","Aythya_ferina",TRUE,0.923076927661896,817989,FALSE,"",1
"Aythya_marila","Aythya_marila",TRUE,0.923076927661896,1044561,FALSE,"",1
"Aythya_valisineria","Aythya_valisineria",TRUE,0.944444417953491,832938,FALSE,"",1
"Babus_callensis","Luciobarbus_callensis",TRUE,0.875,5554995,FALSE,"",1
"Bairdiella_chrysoura","Bairdiella_chrysoura",TRUE,0.949999988079071,761907,FALSE,"",3
"Balaena_mysticetus","Balaena_mysticetus",TRUE,0.944444417953491,397231,FALSE,"",2
"Balaenoptera_acutorostrata","Balaenoptera_acutorostrata",TRUE,0.961538434028625,800317,FALSE,"",2
"Barbus_paludinosus","Enteromius_paludinosus",TRUE,0.944444417953491,446410,FALSE,"",2
"Barbus_strumicae","Barbus_strumicae",TRUE,0.9375,441746,FALSE,"",1
"Bathylagidae","Bathylagidae",FALSE,1,562637,FALSE,"",1
"Batrachoseps_attenuatus","Batrachoseps_attenuatus",TRUE,0.95652174949646,57755,FALSE,"",1
"Bdeogale_nigripes","Bdeogale_nigripes",TRUE,0.941176474094391,670218,FALSE,"",1
"Belone_belone","Belone_belone",TRUE,0.923076927661896,6991,FALSE,"",2
"Belonesox_belizanus","Belonesox_belizanus",TRUE,0.947368443012238,913297,FALSE,"",1
"Bembidion_lampros","Bembidion_lampros",TRUE,0.941176474094391,349492,FALSE,"",2
"Benthalbella_dentata","Benthalbella_dentata",TRUE,0.949999988079071,1095245,FALSE,"",1
"Bentheogennema_intermedia","Bentheogennema_intermedia",TRUE,0.959999978542328,588781,FALSE,"",1
"Blackfordia_virginica","Blackfordia_virginica",TRUE,0.952380955219269,766639,FALSE,"",1
"Blarinomys_breviceps","Blarinomys_breviceps",TRUE,0.949999988079071,196745,FALSE,"",1
"Bolinopsis_infundibulum","Bolinopsis_infundibulum",TRUE,0.95652174949646,626461,FALSE,"",1
"Bolitoglossa_mexicana","Bolitoglossa_mexicana",TRUE,0.952380955219269,391973,FALSE,"",2
"Bolitoglossa_pandi","Bolitoglossa_pandi",TRUE,0.944444417953491,3620559,FALSE,"sibling_higher",1
"Bolitoglossa_rufescens","Bolitoglossa_rufescens",TRUE,0.954545438289642,999154,FALSE,"",1
"Bombina_variegata","Bombina_variegata",TRUE,0.941176474094391,991539,FALSE,"",1
"Boreogadus_saida","Boreogadus_saida",TRUE,0.9375,877055,FALSE,"",1
"Boulengerella_cuvieri","Boulengerella_cuvieri",TRUE,0.952380955219269,3625788,FALSE,"",1
"Boulengerella_lucius","Boulengerella_lucius",TRUE,0.949999988079071,3625790,FALSE,"",3
"Boulengerula_taitanus","Boulengerula_taitana",TRUE,0.952380955219269,42297,FALSE,"",2
"Brachyhypopomus_occidentalis","Brachyhypopomus_occidentalis",TRUE,0.964285731315613,349822,FALSE,"",1
"Brachyrhaphis_parismina","Brachyrhaphis_parismina",TRUE,0.95652174949646,779448,FALSE,"",1
"Brisingella_coronata","Hymenodiscus_coronata",TRUE,0.949999988079071,3657315,FALSE,"",2
"Bucephala_albeola","Bucephala_albeola",TRUE,0.941176474094391,654820,FALSE,"",1
"Bucephala_clangula","Bucephala_clangula",TRUE,0.944444417953491,166683,FALSE,"",1
"Bucephala_islandica","Bucephala_islandica",TRUE,0.947368443012238,780952,FALSE,"",1
"Bufo_bufo","Bufo_bufo",TRUE,0.888888895511627,889350,FALSE,"",1
"Bufo_gargarizans","Bufo_gargarizans",TRUE,0.9375,279549,FALSE,"",1
"Bufo_japonicus","Bufo_japonicus",TRUE,0.928571403026581,889333,FALSE,"",3
"Bufo_marinus","Rhinella_marina",TRUE,0.916666686534882,889340,FALSE,"",1
"Bunocephalus","Bunocephalus",FALSE,1,536093,FALSE,"sibling_higher",1
"Burnupena_lagenaria","Burnupena_lagenaria",TRUE,0.947368443012238,2900691,FALSE,"",1
"Caecilia_gracilis","Caecilia_gracilis",TRUE,0.941176474094391,3617882,FALSE,"",3
"Caimanops_amphiboluroides","Diporiphora_amphiboluroides",TRUE,0.959999978542328,1064144,FALSE,"",1
"Calidris_alpina","Calidris_alpina",TRUE,0.933333337306976,887705,FALSE,"sibling_higher",1
"Calidris_minuta","Calidris_minuta",TRUE,0.933333337306976,271793,FALSE,"sibling_higher",1
"Callianira_antarctica","Callianira_antarctica",TRUE,0.952380955219269,3684104,FALSE,"",2
"Callinectes_sapidus","Callinectes_sapidus",TRUE,0.947368443012238,182906,FALSE,"",3
"Callinectes_similis","Callinectes_similis",TRUE,0.947368443012238,454975,FALSE,"",2
"Callisaurus_draconoides","Callisaurus_draconoides",TRUE,0.95652174949646,819154,FALSE,"",1
"Cambarincola_chirocephalus","Cambarincola_chirocephalus",TRUE,0.961538434028625,177815,FALSE,"",2
"Cambarincola_vitreus","Cambarincola_vitreus",TRUE,0.949999988079071,111931,FALSE,"",2
"Cancer_borealis","Cancer_borealis",TRUE,0.933333337306976,608773,FALSE,"sibling_higher",3
"Cancer_irroratus","Cancer_irroratus",TRUE,0.9375,706439,FALSE,"sibling_higher",2
"Cancer_polyodon","Romaleon_setosum",TRUE,0.933333337306976,338358,FALSE,"",1
"Canis_latrans","Canis_latrans",TRUE,0.923076927661896,247331,FALSE,"",1
"Canis_lupus","Canis_lupus",TRUE,0.90909093618393,247341,FALSE,"",1
"Canis_mesomelas","Canis_mesomelas",TRUE,0.933333337306976,666235,FALSE,"",2
"Caperea_marginata","Caperea_marginata",TRUE,0.941176474094391,397243,FALSE,"",1
"Caquetaia_kraussii","Caquetaia_kraussii",TRUE,0.944444417953491,870660,FALSE,"",2
"Carangoides_gymnostethus","Carangoides_gymnostethus",TRUE,0.958333313465118,201312,FALSE,"",1
"Carcharhinus_falciformis","Carcharhinus_falciformis",TRUE,0.958333313465118,787198,FALSE,"",3
"Carcharhinus_leucas","Carcharhinus_leucas",TRUE,0.947368443012238,343172,FALSE,"",4
"Carcharhinus_obscurus","Carcharhinus_obscurus",TRUE,0.952380955219269,400238,FALSE,"",2
"Carcharhinus_plumbeus","Carcharhinus_plumbeus",TRUE,0.952380955219269,400246,FALSE,"",2
"Carcharias_taurus","Carcharias_taurus",TRUE,0.941176474094391,331725,FALSE,"",3
"Carcinoscorpius_rotundicauda","Carcinoscorpius_rotundicauda",TRUE,0.964285731315613,1089003,FALSE,"",2
"Carcinus_maenas","Carcinus_maenas",TRUE,0.933333337306976,1089892,FALSE,"",2
"Carparachne_aureoflava","Carparachne_aureoflava",TRUE,0.954545438289642,3551656,FALSE,"",1
"Carphophis_amoenus","Carphophis_amoenus",TRUE,0.944444417953491,642555,FALSE,"",3
"Catoprion_mento","Catoprion_mento",TRUE,0.933333337306976,597343,FALSE,"",1
"Cemophora_coccinea","Cemophora_coccinea",TRUE,0.944444417953491,1032598,FALSE,"",1
"Centromochlus_meridionalis","Ferrarissoaresia_meridionalis",TRUE,0.961538434028625,6141844,FALSE,"",1
"Centropomus_pectinatus","Centropomus_pectinatus",TRUE,0.954545438289642,800712,FALSE,"incertae_sedis_inherited",2
"Cepphus_grylle","Cepphus_grylle",TRUE,0.928571403026581,280901,FALSE,"",1
"Ceratoscopelus_townsendi","Ceratoscopelus_townsendi",TRUE,0.958333313465118,462626,FALSE,"",1
"Cercosaura_eigenmanni","Cercosaura_eigenmanni",TRUE,0.952380955219269,967621,FALSE,"",1
"Cercosaura_ocellata","Cercosaura_ocellata",TRUE,0.947368443012238,846829,FALSE,"",1
"Cereus_pedunculatus","Cereus_pedunculatus",TRUE,0.947368443012238,1042322,FALSE,"",4
"Ceriantheopsis_americanus","Ceriantheopsis_americana",TRUE,0.959999978542328,444331,FALSE,"",2
"Chacophrys_pierottii","Chacophrys_pierottii",TRUE,0.949999988079071,431938,FALSE,"",2
"Chaenobryttus_gulosus","Chaenobryttus_gulosus",TRUE,0.952380955219269,476359,FALSE,"",1
"Chamaeleo_gracilis","Chamaeleo_gracilis",TRUE,0.944444417953491,824513,FALSE,"",2
"Champsocephalus_gunnari","Champsocephalus_gunnari",TRUE,0.95652174949646,684007,FALSE,"",2
"Characidium","Characidium",FALSE,1,128231,FALSE,"",1
"Charax_condei","Charax_condei",TRUE,0.923076927661896,3624842,FALSE,"",1
"Charax_gibbosus","Charax_gibbosus",TRUE,0.933333337306976,3624849,FALSE,"",1
"Charybdis_hellerii","Charybdis_hellerii",TRUE,0.944444417953491,506133,FALSE,"",2
"Chauliodus_macouni","Chauliodus_macouni",TRUE,0.944444417953491,76509,FALSE,"",1
"Cheirodontops_geayi","Cheirodontops_geayi",TRUE,0.947368443012238,3625898,FALSE,"",1
"Chendol_keelini","Chendol_keelini",TRUE,0.933333337306976,3640961,FALSE,"",1
"Chionoecetes_bairdi","Chionoecetes_bairdi",TRUE,0.947368443012238,956514,FALSE,"",1
"Chionoecetes_opilio","Chionoecetes_opilio",TRUE,0.947368443012238,604254,FALSE,"",1
"Chiropsalmus_quadrumanus","Chiropsalmus_quadrumanus",TRUE,0.958333313465118,894962,FALSE,"",2
"Chondrodactylus_angulifer","Chondrodactylus_angulifer",TRUE,0.959999978542328,203962,FALSE,"",1
"Chromis_chrysura","Chromis_chrysura",TRUE,0.9375,477758,FALSE,"incertae_sedis_inherited",2
"Chrysaora_melanaster","Chrysaora_melanaster",TRUE,0.949999988079071,883634,FALSE,"",1
"Chrysaora_quinquecirrha","Chrysaora_quinquecirrha",TRUE,0.95652174949646,404507,FALSE,"",2
"Cichla_intermedia","Cichla_intermedia",TRUE,0.941176474094391,467391,FALSE,"",3
"Cichla_orinocensis","Cichla_orinocensis",TRUE,0.944444417953491,889122,FALSE,"",1
"Cichla_temensis","Cichla_temensis",TRUE,0.933333337306976,936817,FALSE,"",1
"Cinclus_mexicanus","Cinclus_mexicanus",TRUE,0.941176474094391,606627,FALSE,"",1
"Citharichthys_spilopterus","Citharichthys_spilopterus",TRUE,0.959999978542328,908921,FALSE,"",2
"Clangula_hyemalis","Clangula_hyemalis",TRUE,0.941176474094391,316879,FALSE,"",1
"Clarias_gariepinus","Clarias_gariepinus",TRUE,0.944444417953491,240811,FALSE,"",2
"Clarias_ngamensis","Clarias_ngamensis",TRUE,0.941176474094391,1094712,FALSE,"",3
"Clarias_theodorae","Clarias_theodorae",TRUE,0.941176474094391,370864,FALSE,"",2
"Clavularia_frankliniana","Clavularia_frankliniana",TRUE,0.95652174949646,3679821,FALSE,"sibling_higher",1
"Clupea_harengus","Clupea_harengus",TRUE,0.933333337306976,1005932,FALSE,"",4
"Clupisoma_naziri","Clupisoma_naziri",TRUE,0.9375,3621829,FALSE,"",1
"Cnemidophorus_lemniscatus","Cnemidophorus_lemniscatus",TRUE,0.959999978542328,164960,FALSE,"",2
"Cnemidophorus_sexlineatus","Aspidoscelis_sexlineatus",TRUE,0.959999978542328,164955,FALSE,"",1
"Coleodactylus_amazonicus","Chatogekko_amazonicus",TRUE,0.958333313465118,126724,FALSE,"",1
"Coleodactylus_septentrionalis","Coleodactylus_septentrionalis",TRUE,0.965517222881317,700787,FALSE,"",2
"Coleonyx_variegatus","Coleonyx_variegatus",TRUE,0.947368443012238,677271,FALSE,"",2
"Colopus_wahlbergii","Pachydactylus_wahlbergii",TRUE,0.944444417953491,203966,FALSE,"",2
"Coluber_constrictor","Coluber_constrictor",TRUE,0.947368443012238,405963,FALSE,"",1
"Conger_conger","Conger_conger",TRUE,0.923076927661896,142596,FALSE,"",1
"Copella_metae","Copella_metae",TRUE,0.923076927661896,3624436,FALSE,"",1
"Corydalus_cornutus","Corydalus_cornutus",TRUE,0.944444417953491,654841,FALSE,"",2
"Corydoras","Corydoras",FALSE,1,628705,FALSE,"",1
"Corydoras_aeneus","Corydoras_aeneus",TRUE,0.9375,841718,FALSE,"",3
"Corynopoma_riisei","Corynopoma_riisei",TRUE,0.941176474094391,855287,FALSE,"",1
"Coryphaena_hippurus","Coryphaena_hippurus",TRUE,0.947368443012238,223663,FALSE,"",3
"Coscinasterias_calamaria","Coscinasterias_calamaria",TRUE,0.958333313465118,173128,FALSE,"sibling_higher",2
"Cosmasterias_lurida","Cosmasterias_lurida",TRUE,0.947368443012238,1059203,FALSE,"",1
"Coturnicops_noveboracensis","Coturnicops_noveboracensis",TRUE,0.961538434028625,242758,FALSE,"",1
"Crangon_crangon","Crangon_crangon",TRUE,0.933333337306976,497498,FALSE,"sibling_higher",1
"Craspedacusta_sowerbii","Craspedacusta_sowerbii",TRUE,0.954545438289642,127047,FALSE,"",2
"Creagrutus_guanes","Creagrutus_guanes",TRUE,0.941176474094391,3625059,FALSE,"",1
"Crenicichla","Crenicichla",FALSE,1,952959,FALSE,"",1
"Crenicichla_geayi","Crenicichla_geayi",TRUE,0.941176474094391,159978,FALSE,"",1
"Crenicichla_saxatilis","Crenicichla_saxatilis",TRUE,0.952380955219269,952962,FALSE,"",1
"Crocodylus_niloticus","Crocodylus_niloticus",TRUE,0.949999988079071,35864,FALSE,"",1
"Crocuta_crocuta","Crocuta_crocuta",TRUE,0.933333337306976,397157,FALSE,"",1
"Crossaster_papposus","Crossaster_papposus",TRUE,0.947368443012238,912244,FALSE,"",1
"Crossodactus_schmidti","Crossodactylus_schmidti",TRUE,0.869565188884735,622244,FALSE,"",1
"Crotalus_horridus","Crotalus_horridus",TRUE,0.941176474094391,628544,FALSE,"",1
"Crotalus_lutosus","Crotalus_oreganus_lutosus",TRUE,0.9375,875958,FALSE,"infraspecific",1
"Crotalus_oreganus","Crotalus_oreganus",TRUE,0.941176474094391,875963,FALSE,"",3
"Crotaphytus_collaris","Crotaphytus_collaris",TRUE,0.949999988079071,244476,FALSE,"",2
"Cryptoblepharus_plagiocephalus","Cryptoblepharus_plagiocephalus",TRUE,0.966666638851166,4123649,FALSE,"",2
"Ctenogobius_pseudofasciatus","Ctenogobius_pseudofasciatus",TRUE,0.962962985038757,3637104,FALSE,"",1
"Ctenophorus_caudicinctus","Ctenophorus_caudicinctus",TRUE,0.958333313465118,605925,FALSE,"",1
"Ctenophorus_clayi","Ctenophorus_clayi",TRUE,0.941176474094391,605926,FALSE,"",1
"Ctenophorus_fordi","Ctenophorus_fordi",TRUE,0.941176474094391,605921,FALSE,"",1
"Ctenophorus_inermis","Ceresium_inerme",TRUE,0.842105269432068,3367000,FALSE,"",2
"Ctenophorus_isolepis","Ctenophorus_isolepis",TRUE,0.949999988079071,32624,FALSE,"",1
"Ctenophorus_reticulatus","Ctenophorus_reticulatus",TRUE,0.95652174949646,745489,FALSE,"",4
"Ctenophorus_scutulatus","Ctenophorus_scutulatus",TRUE,0.954545438289642,745485,FALSE,"",2
"Ctenotus_ariadnae","Ctenotus_ariadnae",TRUE,0.941176474094391,908651,FALSE,"",1
"Ctenotus_atlas","Ctenotus_atlas",TRUE,0.928571403026581,284183,FALSE,"",2
"Ctenotus_brooksi","Ctenotus_brooksi",TRUE,0.9375,284181,FALSE,"",1
"Ctenotus_calurus","Ctenotus_calurus",TRUE,0.9375,284178,FALSE,"",1
"Ctenotus_colletti","Ctenotus_colletti",TRUE,0.941176474094391,4123858,FALSE,"",3
"Ctenotus_dux","Ctenotus_dux",TRUE,0.916666686534882,858952,FALSE,"",1
"Ctenotus_grandis","Ctenotus_grandis",TRUE,0.9375,233734,FALSE,"",1
"Ctenotus_helenae","Ctenotus_helenae",TRUE,0.9375,233738,FALSE,"",1
"Ctenotus_leonhardii","Ctenotus_leonhardii",TRUE,0.947368443012238,730560,FALSE,"",1
"Ctenotus_pantherinus","Ctenotus_pantherinus",TRUE,0.949999988079071,730561,FALSE,"",2
"Ctenotus_pianka","Ctenotus_piankai",TRUE,0.875,182769,FALSE,"",1
"Ctenotus_quattuordecimlineatus","Ctenotus_quattuordecimlineatus",TRUE,0.966666638851166,182765,FALSE,"",1
"Ctenotus_schomburgkii","Ctenotus_schomburgkii",TRUE,0.952380955219269,756937,FALSE,"",1
"Cyanea_capillata","Cyanea_capillata",TRUE,0.9375,178412,FALSE,"",1
"Cycloramphus_brasiliensis","Cycloramphus_brasiliensis",TRUE,0.959999978542328,3620314,FALSE,"",1
"Cyclothone_acclinidens","Cyclothone_acclinidens",TRUE,0.954545438289642,127375,FALSE,"",2
"Cyclothone_obscura","Cyclothone_obscura",TRUE,0.944444417953491,127398,FALSE,"",1
"Cyclothone_pallida","Cyclothone_pallida",TRUE,0.944444417953491,127395,FALSE,"",1
"Cyclothone_signata","Cyclothone_signata",TRUE,0.944444417953491,648946,FALSE,"",1
"Cygnodraco_mawsoni","Cygnodraco_mawsoni",TRUE,0.944444417953491,781799,FALSE,"",1
"Cynopoecilus_fulgens","Cynopoecilus_fulgens",TRUE,0.949999988079071,3641476,FALSE,"",1
"Cynoscion_arenarius","Cynoscion_arenarius",TRUE,0.947368443012238,854147,FALSE,"",1
"Cynoscion_nebulosus","Cynoscion_nebulosus",TRUE,0.947368443012238,186252,FALSE,"",1
"Cyprinodon_variegatus","Cyprinodon_variegatus",TRUE,0.952380955219269,82335,FALSE,"",1
"Cyprinus_carpio","Cyprinus_carpio",TRUE,0.933333337306976,429083,FALSE,"",3
"Cyrba_algerina","Cyrba_algerina",TRUE,0.928571403026581,93776,FALSE,"",1
"Dasyatis_lata","Dasyatis_lata",TRUE,0.923076927661896,917251,FALSE,"sibling_higher",1
"Delma_butleri","Delma_butleri",TRUE,0.923076927661896,886641,FALSE,"",1
"Delphinus_delphis","Delphinus_delphis",TRUE,0.941176474094391,698438,FALSE,"sibling_higher",3
"Dendropsophus_branneri","Dendropsophus_branneri",TRUE,0.954545438289642,399295,FALSE,"",1
"Dendropsophus_nanus","Dendropsophus_nanus",TRUE,0.947368443012238,499883,FALSE,"",2
"Dendropsophus_sanborni","Dendropsophus_sanborni",TRUE,0.954545438289642,610586,FALSE,"",2
"Dentiraja_australis","Dipturus_australis",TRUE,0.947368443012238,399883,FALSE,"",1
"Dermasterias_imbricata","Dermasterias_imbricata",TRUE,0.954545438289642,977099,FALSE,"",1
"Desmognathus_monticola","Desmognathus_monticola",TRUE,0.954545438289642,964102,FALSE,"",1
"Desmognathus_welteri","Desmognathus_welteri",TRUE,0.949999988079071,893908,FALSE,"",1
"Diadophis_punctatus","Diadophis_punctatus",TRUE,0.947368443012238,324337,FALSE,"",2
"Diaphus","Diaphus",FALSE,1,640414,FALSE,"sibling_higher",1
"Diaphus_coeruleus","Diaphus_coeruleus",TRUE,0.941176474094391,3629465,FALSE,"",2
"Diaphus_danae","Diaphus_danae",TRUE,0.923076927661896,3629427,FALSE,"",1
"Diaphus_knappi","Diaphus_knappi",TRUE,0.928571403026581,3629451,FALSE,"",1
"Diaphus_theta","Diaphus_theta",TRUE,0.923076927661896,169217,FALSE,"",1
"Dicamptodon_tenebrosus","Dicamptodon_tenebrosus",TRUE,0.954545438289642,445407,FALSE,"",1
"Dicentrarchus_labrax","Dicentrarchus_labrax",TRUE,0.949999988079071,3549,FALSE,"",1
"Diogenichthys_laternatus","Diogenichthys_laternatus",TRUE,0.958333313465118,234117,FALSE,"",1
"Diplodactylus_ciliaris","Strophurus_ciliaris",TRUE,0.954545438289642,432768,FALSE,"",1
"Diplodactylus_conspicillatus","Diplodactylus_conspicillatus",TRUE,0.964285731315613,256957,FALSE,"",1
"Diplodactylus_pulcher","Diplodactylus_pulcher",TRUE,0.952380955219269,256958,FALSE,"",3
"Diporiphora_winneckei","Diporiphora_winneckei",TRUE,0.952380955219269,1038059,FALSE,"",1
"Discoglossus_montalentii","Discoglossus_montalentii",TRUE,0.958333313465118,233448,FALSE,"",2
"Discoglossus_sardus","Discoglossus_sardus",TRUE,0.947368443012238,233470,FALSE,"",1
"Dissostichus_eleginoides","Dissostichus_eleginoides",TRUE,0.958333313465118,1040385,FALSE,"",2
"Dosidicus_gigas","Dosidicus_gigas",TRUE,0.933333337306976,125334,FALSE,"",1
"Dytaster_grandis","Dytaster_grandis",TRUE,0.9375,3656994,FALSE,"",2
"Echeneis_naucrates","Echeneis_naucrates",TRUE,0.944444417953491,776562,FALSE,"",3
"Egernia_inornata","Liopholis_inornata",TRUE,0.9375,892819,FALSE,"",1
"Egernia_striata","Liopholis_striata",TRUE,0.933333337306976,122986,FALSE,"",2
"Eigenmannia_virescens","Eigenmannia_virescens",TRUE,0.952380955219269,437387,FALSE,"",1
"Elachistocleis_bicolor","Elachistocleis_bicolor",TRUE,0.954545438289642,215232,FALSE,"",1
"Elaphe_guttata","Pantherophis_guttatus",TRUE,0.928571403026581,456236,FALSE,"",1
"Elaphe_obsoleta","Pantherophis_obsoletus",TRUE,0.933333337306976,530777,FALSE,"",2
"Elassoma_evergladei","Elassoma_evergladei",TRUE,0.947368443012238,313433,FALSE,"",2
"Electrona_antarctica","Electrona_antarctica",TRUE,0.949999988079071,358647,FALSE,"",2
"Eleotris_acanthopoma","Eleotris_acanthopoma",TRUE,0.949999988079071,78295,FALSE,"",2
"Eleotris_amblyopsis","Eleotris_amblyopsis",TRUE,0.947368443012238,740276,FALSE,"",1
"Eleotris_fusca","Eleotris_fusca",TRUE,0.928571403026581,78297,FALSE,"",2
"Eleotris_pisonis","Eleotris_pisonis",TRUE,0.9375,417209,FALSE,"",1
"Eleutherodactylus_coqui","Eleutherodactylus_coqui",TRUE,0.95652174949646,1085754,FALSE,"",4
"Eleutherodactylus_johnstonei","Eleutherodactylus_johnstonei",TRUE,0.964285731315613,836975,FALSE,"",1
"Eleutherodactylus_planirostris","Eleutherodactylus_planirostris",TRUE,0.966666638851166,1066501,FALSE,"",2
"Elops_saurus","Elops_saurus",TRUE,0.916666686534882,329631,FALSE,"",1
"Engraulis_encrasicolus","Engraulis_encrasicolus",TRUE,0.954545438289642,222963,FALSE,"",4
"Enneacanthus_gloriosus","Enneacanthus_gloriosus",TRUE,0.954545438289642,476364,FALSE,"",1
"Ensatina_eschscholtzi","Ensatina_eschscholtzii",TRUE,0.90909093618393,637537,FALSE,"",1
"Entomocorus_gameroi","Entomocorus_gameroi",TRUE,0.947368443012238,3623579,FALSE,"",1
"Epinephelus_fasciatus","Epinephelus_fasciatus",TRUE,0.952380955219269,534146,FALSE,"",4
"Epinephelus_stoliczkae","Epinephelus_stoliczkae",TRUE,0.954545438289642,3634069,FALSE,"",1
"Erignathus_barbatus","Erignathus_barbatus",TRUE,0.947368443012238,931413,FALSE,"",1
"Esox_niger","Esox_niger",TRUE,0.899999976158142,496121,FALSE,"",1
"Etmopterus_spinax","Etmopterus_spinax",TRUE,0.941176474094391,1059232,FALSE,"",1
"Eucopia_australis","Eucopia_australis",TRUE,0.941176474094391,2989873,FALSE,"",3
"Eucopia_sculpticauda","Eucopia_sculpticauda",TRUE,0.949999988079071,845956,FALSE,"",1
"Eucopia_unguiculata","Eucopia_unguiculata",TRUE,0.947368443012238,2989872,FALSE,"",1
"Eudyptes_chrsolophus","Eudyptes_chrysolophus",TRUE,0.904761910438538,82219,FALSE,"",1
"Eudyptes_chrysocome","Eudyptes_chrysocome",TRUE,0.947368443012238,82220,FALSE,"",1
"Eudyptes_schlegeli","Eudyptes_schlegeli",TRUE,0.944444417953491,605139,FALSE,"",1
"Eudyptula_minor","Eudyptula_minor",TRUE,0.933333337306976,613299,FALSE,"",1
"Eukrohnia_hamata","Eukrohnia_hamata",TRUE,0.9375,584274,FALSE,"",3
"Euproctus_montanus","Euproctus_montanus",TRUE,0.944444417953491,861438,FALSE,"",3
"Eurycea_cirrigera","Eurycea_cirrigera",TRUE,0.941176474094391,269532,FALSE,"",1
"Euthynnus_affinis","Euthynnus_affinis",TRUE,0.941176474094391,308760,FALSE,"",5
"Eutropiichthys_vacha","Eutropiichthys_vacha",TRUE,0.949999988079071,350498,FALSE,"",1
"Evasterias_troschelii","Evasterias_troschelii",TRUE,0.952380955219269,197640,FALSE,"",3
"Evermanella_sp","Evermannella",TRUE,0.727272748947144,86556,FALSE,"",1
"Evorthodus_lyricus","Evorthodus_lyricus",TRUE,0.944444417953491,7815,FALSE,"",2
"Exoglossum_maxillingua","Exoglossum_maxillingua",TRUE,0.954545438289642,411057,FALSE,"",1
"Falco_amurensis","Falco_amurensis",TRUE,0.933333337306976,352517,FALSE,"",1
"Falco_naumanni","Falco_naumanni",TRUE,0.928571403026581,624976,FALSE,"",1
"Farancia_abacura","Farancia_abacura",TRUE,0.9375,931412,FALSE,"extinct",2
"Felis_catus","Felis_catus",TRUE,0.90909093618393,563166,FALSE,"",2
"Flaccisagitta_enflata","Flaccisagitta_enflata",TRUE,0.952380955219269,679425,FALSE,"",1
"Forficula_auricularia","Forficula_auricularia",TRUE,0.952380955219269,673084,FALSE,"",3
"Fratercula_arctica","Fratercula_arctica",TRUE,0.944444417953491,864865,FALSE,"",1
"Freyella_elegans","Freyella_elegans",TRUE,0.9375,3657381,FALSE,"",1
"Fulmarus_glacialoides","Fulmarus_glacialoides",TRUE,0.952380955219269,82196,FALSE,"",2
"Fundulus_chrysotus","Fundulus_chrysotus",TRUE,0.944444417953491,519470,FALSE,"",1
"Fundulus_confluentus","Fundulus_confluentus",TRUE,0.949999988079071,442986,FALSE,"",1
"Fundulus_diaphanus","Fundulus_diaphanus",TRUE,0.944444417953491,159076,FALSE,"",1
"Fundulus_grandis","Fundulus_grandis",TRUE,0.9375,519483,FALSE,"",1
"Fundulus_heteroclitus","Fundulus_heteroclitus",TRUE,0.952380955219269,583633,FALSE,"",1
"Fundulus_parvipinnis","Fundulus_parvipinnis",TRUE,0.949999988079071,643240,FALSE,"",2
"Fundulus_pulvereus","Fundulus_pulvereus",TRUE,0.944444417953491,785973,FALSE,"",1
"Fundulus_xenica","Adinia_xenica",TRUE,0.8125,839523,FALSE,"",1
"Gadus_morhua","Gadus_morhua",TRUE,0.916666686534882,114170,FALSE,"",2
"Gadus_ogac","Gadus_ogac",TRUE,0.899999976158142,635898,FALSE,"",4
"Galeocerdo_cuvier","Galeocerdo_cuvier",TRUE,0.941176474094391,976355,FALSE,"",3
"Galeus_melastomus","Galeus_melastomus",TRUE,0.941176474094391,327712,FALSE,"",2
"Gambelia_wislizeni","Gambelia_wislizenii",TRUE,0.89473682641983,244470,FALSE,"",2
"Gambusia_holbrooki","Gambusia_holbrooki",TRUE,0.944444417953491,553631,FALSE,"",3
"Gegeneophis_ramaswamii","Gegeneophis_ramaswamii",TRUE,0.954545438289642,227120,FALSE,"",1
"Gehyra_variegata","Gehyra_variegata",TRUE,0.9375,24139,FALSE,"",4
"Genetta_cristata","Genetta_cristata",TRUE,0.9375,45849,FALSE,"",1
"Gennadas_valens","Gennadas_valens",TRUE,0.933333337306976,250985,FALSE,"",1
"Gephyreaster_swifti","Gephyreaster_swifti",TRUE,0.947368443012238,983929,FALSE,"",1
"Gephyrocharax_valencia","Gephyrocharax_valencia",TRUE,0.954545438289642,3624910,FALSE,"",1
"Globicephala_macrorhynchus","Globicephala_macrorhynchus",TRUE,0.961538434028625,535886,FALSE,"",6
"Globicephala_melas","Globicephala_melas",TRUE,0.944444417953491,124212,FALSE,"",3
"Gnathocharax_steindachneri","Gnathocharax_steindachneri",TRUE,0.961538434028625,597351,FALSE,"",1
"Gobiomorus_dormitor","Gobiomorus_dormitor",TRUE,0.947368443012238,740272,FALSE,"",2
"Gobionellus_boleosoma","Ctenogobius_boleosoma",TRUE,0.952380955219269,763961,FALSE,"",2
"Gobionotothen_gibberifrons","Gobionotothen_gibberifrons",TRUE,0.961538434028625,448828,FALSE,"",1
"Gobiosoma_bosc","Gobiosoma_bosc",TRUE,0.928571403026581,230857,FALSE,"",3
"Gobiosoma_robustum","Gobiosoma_robustum",TRUE,0.944444417953491,1064480,FALSE,"",1
"Gobius_ruthensparri","Gobiusculus_flavescens",TRUE,0.947368443012238,637893,FALSE,"",3
"Gonatodes_concinnatus","Gonatodes_concinnatus",TRUE,0.952380955219269,597542,FALSE,"",1
"Gonatodes_hasemani","Gonatodes_hasemani",TRUE,0.944444417953491,723078,FALSE,"",2
"Gonatodes_humeralis","Gonatodes_humeralis",TRUE,0.947368443012238,126729,FALSE,"",3
"Gowidon_longirostris","Gowidon_longirostris",TRUE,0.949999988079071,298875,FALSE,"",1
"Grampus_griseus","Grampus_griseus",TRUE,0.933333337306976,154711,FALSE,"",1
"Graptemys_geographica","Graptemys_geographica",TRUE,0.952380955219269,1064023,FALSE,"",1
"Grayia_smythii","Grayia_smithii",TRUE,0.928571403026581,994633,FALSE,"",4
"Gulo_gulo","Gulo_gulo",TRUE,0.888888895511627,178247,FALSE,"",1
"Gymnophthalmus_underwoodi","Gymnophthalmus_underwoodi",TRUE,0.959999978542328,58577,FALSE,"",1
"Gymnoscopelus_fraseri","Gymnoscopelus_fraseri",TRUE,0.952380955219269,162203,FALSE,"",2
"Gymnoscopelus_nicholsi","Gymnoscopelus_nicholsi",TRUE,0.954545438289642,211050,FALSE,"",3
"Gymnotus_carapo","Gymnotus_carapo",TRUE,0.933333337306976,445408,FALSE,"",2
"Gymnotus_cylindricus","Gymnotus_cylindricus",TRUE,0.949999988079071,463673,FALSE,"",2
"Haddadus_binotatus","Haddadus_binotatus",TRUE,0.944444417953491,798788,FALSE,"",1
"Haldea_valeriae","Virginia_valeriae",TRUE,0.933333337306976,4121174,FALSE,"",1
"Halichoerus_grypus","Halichoerus_grypus",TRUE,0.944444417953491,1040694,FALSE,"",1
"Harmothoe_imbricata","Harmothoe_imbricata",TRUE,0.947368443012238,694272,FALSE,"sibling_higher",2
"Harpagifer_antarcticus","Harpagifer_antarcticus",TRUE,0.954545438289642,56123,FALSE,"",1
"Harpalus_rufipes","Harpalus_rufipes",TRUE,0.9375,326464,FALSE,"sibling_higher",5
"Haustrum_haustorium","Haustrum_haustorium",TRUE,0.947368443012238,976141,FALSE,"",1
"Haustrum_scobina","Haustrum_scobina",TRUE,0.9375,389266,FALSE,"",1
"Heliaster_helianthus","Heliaster_helianthus",TRUE,0.949999988079071,3657206,FALSE,"",1
"Helicops_infrataeniatus","Helicops_infrataeniatus",TRUE,0.95652174949646,1087427,FALSE,"",1
"Heliobolus_lugubris","Heliobolus_lugubris",TRUE,0.947368443012238,257069,FALSE,"",1
"Heliobolus_spekii","Heliobolus_spekii",TRUE,0.941176474094391,363306,FALSE,"",1
"Hemicaranx_amblyrhynchus","Hemicaranx_amblyrhynchus",TRUE,0.958333313465118,554316,FALSE,"",1
"Hemichromis_fasciatus","Hemichromis_fasciatus",TRUE,0.952380955219269,336606,FALSE,"",1
"Hemidactylus_brooki","Hemidactylus_brookii",TRUE,0.947368443012238,818134,FALSE,"sibling_higher",3
"Hemidactylus_mabouia","Hemidactylus_mabouia",TRUE,0.949999988079071,737831,FALSE,"sibling_higher",3
"Hemigrammus","Hemigrammus",FALSE,1,440388,FALSE,"",1
"Hemigrammus_analis","Hemigrammus_analis",TRUE,0.944444417953491,3625394,FALSE,"",1
"Hemigrammus_barrigonae","Hemigrammus_barrigonae",TRUE,0.954545438289642,3625387,FALSE,"",1
"Hemigrammus_bellottii","Hemigrammus_bellottii",TRUE,0.952380955219269,3625367,FALSE,"",2
"Hemigrammus_microstomus","Hemigrammus_microstomus",TRUE,0.95652174949646,3625371,FALSE,"",2
"Hemigrammus_rhodostomus","Hemigrammus_rhodostomus",TRUE,0.95652174949646,3625407,FALSE,"",1
"Hemigrammus_stictus","Hemigrammus_stictus",TRUE,0.947368443012238,3625413,FALSE,"",1
"Hemigrammus_vorderwinkleri","Hemigrammus_vorderwinkleri",TRUE,0.961538434028625,3625379,FALSE,"",1
"Hemisus_marmoratus","Hemisus_marmoratus",TRUE,0.944444417953491,968537,FALSE,"",2
"Hepsetus_odoe","Hepsetus_odoe",TRUE,0.923076927661896,128234,FALSE,"",1
"Heterandria_formosa","Heterandria_formosa",TRUE,0.947368443012238,808633,FALSE,"",1
"Heterocharax_macrolepis","Heterocharax_macrolepis",TRUE,0.95652174949646,156784,FALSE,"",1
"Heterodon_platirhinos","Heterodon_platirhinos",TRUE,0.952380955219269,405958,FALSE,"",3
"Heteronotia_binoeii","Heteronotia_binoei",TRUE,0.888888895511627,608936,FALSE,"",3
"Hexaplex_princeps","Hexaplex_princeps",TRUE,0.941176474094391,2909103,FALSE,"",1
"Hippasteria_phrygiana","Hippasteria_phrygiana",TRUE,0.952380955219269,3656615,FALSE,"",1
"Hippopotamyrus_discorhynchus","Cyphomyrus_discorhynchus",TRUE,0.964285731315613,349817,FALSE,"",1
"Holobaena_caerulea","Halobaena_caerulea",TRUE,0.888888895511627,656582,FALSE,"",1
"Homarus_americanus","Homarus_americanus",TRUE,0.944444417953491,28247,FALSE,"",1
"Hoplerythrinus_unitaeniatus","Hoplerythrinus_unitaeniatus",TRUE,0.962962985038757,719840,FALSE,"",2
"Hoplias_malabaricus","Hoplias_malabaricus",TRUE,0.947368443012238,179348,FALSE,"",2
"Hoplobatrachus_occipitalis","Hoplobatrachus_occipitalis",TRUE,0.961538434028625,74847,FALSE,"",1
"Hydrocynus_vittatus","Hydrocynus_vittatus",TRUE,0.947368443012238,384849,FALSE,"",6
"Hydrolycus_armatus","Hydrolycus_armatus",TRUE,0.944444417953491,545265,FALSE,"",1
"Hyla_euphorbiacea","Dryophytes_euphorbiaceus",TRUE,0.941176474094391,598460,FALSE,"",1
"Hyla_japonica","Dryophytes_japonicus",TRUE,0.923076927661896,240413,FALSE,"",2
"Hyla_versicolor","Dryophytes_versicolor",TRUE,0.933333337306976,386095,FALSE,"",2
"Hymenaster_membranaceus","Hymenaster_pellucidus",TRUE,0.95652174949646,32677,FALSE,"",1
"Hymenodora_glacialis","Hymenodora_glacialis",TRUE,0.949999988079071,350356,FALSE,"",2
"Hyperolius_concolor","Hyperolius_concolor",TRUE,0.947368443012238,505134,FALSE,"",2
"Hyperolius_fusciventris","Hyperolius_fusciventris",TRUE,0.95652174949646,85268,FALSE,"",1
"Hyperolius_guttulatus","Hyperolius_guttulatus",TRUE,0.952380955219269,510964,FALSE,"",5
"Hyperolius_sylvaticus","Hyperolius_sylvaticus",TRUE,0.952380955219269,1088575,FALSE,"",1
"Hypopomus","Hypopomus",FALSE,1,164258,FALSE,"",1
"Hypseleotris","Hypseleotris",FALSE,1,78304,FALSE,"",1
"Hypsiglena_torquata","Hypsiglena_torquata",TRUE,0.947368443012238,740048,FALSE,"",1
"Ichnotropis_squamulosa","Meroles_squamulosus",TRUE,0.954545438289642,1014443,FALSE,"",1
"Ichthyophis_bannanicus","Ichthyophis_bannanicus",TRUE,0.954545438289642,639649,FALSE,"",2
"Idiacanthus_antrostomus","Idiacanthus_antrostomus",TRUE,0.95652174949646,890166,FALSE,"",1
"Incilius_mazatlanensis","Incilius_mazatlanensis",TRUE,0.954545438289642,931373,FALSE,"",1
"Istiompax_indica","Istiompax_indica",TRUE,0.9375,696430,FALSE,"",2
"Istiophorus_platypterus","Istiophorus_platypterus",TRUE,0.95652174949646,545842,FALSE,"",1
"Isurus_oxyrinchus","Isurus_oxyrinchus",TRUE,0.941176474094391,73672,FALSE,"",3
"Itapotihyla_langsdorffi","Itapotihyla_langsdorffii",TRUE,0.916666686534882,528946,FALSE,"",1
"Jordanella_floridae","Jordanella_floridae",TRUE,0.947368443012238,82326,FALSE,"",1
"Katsuwonus_pelamis","Katsuwonus_pelamis",TRUE,0.944444417953491,308754,FALSE,"",4
"Kentropyx_calcarata","Kentropyx_calcarata",TRUE,0.947368443012238,348433,FALSE,"",7
"Kentropyx_pelviceps","Kentropyx_pelviceps",TRUE,0.947368443012238,348432,FALSE,"",2
"Kentropyx_striata","Kentropyx_striata",TRUE,0.941176474094391,348431,FALSE,"",2
"Labidesthes_sicculus","Labidesthes_sicculus",TRUE,0.949999988079071,125720,FALSE,"",1
"Labidiaster_annulatus","Labidiaster_annulatus",TRUE,0.952380955219269,414552,FALSE,"",2
"Lagenodelphis_hosei","Lagenodelphis_hosei",TRUE,0.947368443012238,336237,FALSE,"",2
"Lagenorhynchus_obscurus","Lagenorhynchus_obscurus",TRUE,0.95652174949646,548145,FALSE,"",1
"Lagodon_rhomboides","Lagodon_rhomboides",TRUE,0.944444417953491,905046,FALSE,"",1
"Lamna_nasus","Lamna_nasus",TRUE,0.90909093618393,500593,FALSE,"",2
"Lampanyctodes_hectoris","Lampanyctodes_hectoris",TRUE,0.954545438289642,866174,FALSE,"",2
"Lampanyctus_australis","Lampanyctus_australis",TRUE,0.952380955219269,3629483,FALSE,"",1
"Lampanyctus_jordani","Lampanyctus_jordani",TRUE,0.947368443012238,168912,FALSE,"",2
"Lampanyctus_macropterus","Lampanyctus_macropterus",TRUE,0.95652174949646,3629487,FALSE,"",1
"Lampanyctus_regalis","Nannobrachium_regale",TRUE,0.947368443012238,169226,FALSE,"",1
"Lampanyctus_ritteri","Nannobrachium_ritteri",TRUE,0.947368443012238,47677,FALSE,"",1
"Lampropeltis_calligaster","Lampropeltis_calligaster",TRUE,0.958333313465118,300629,FALSE,"",1
"Lampropeltis_getula","Lampropeltis_getula",TRUE,0.947368443012238,547409,FALSE,"",2
"Lampropeltis_triangulum","Lampropeltis_triangulum",TRUE,0.95652174949646,815155,FALSE,"",2
"Lamycetes_fulvicornis","Lamyctes_fulvicornis",TRUE,0.899999976158142,942627,FALSE,"",2
"Lanius_excubitor","Lanius_excubitor",TRUE,0.9375,146937,FALSE,"",1
"Larus_philidelphia","Larus_philadelphia",TRUE,0.888888895511627,1026258,FALSE,"",1
"Latastia_longicaudata","Latastia_longicaudata",TRUE,0.952380955219269,437767,FALSE,"",1
"Latirolagena_smaragdula","Latirolagena_smaragdulus",TRUE,0.95652174949646,2898419,FALSE,"",2
"Latirus_polygonus","Latirus_polygonus",TRUE,0.941176474094391,2898512,FALSE,"",1
"Leander_adspersus","Palaemon_adspersus",TRUE,0.941176474094391,958834,FALSE,"sibling_higher",1
"Leiostomus_xanthurus","Leiostomus_xanthurus",TRUE,0.949999988079071,1052160,FALSE,"",1
"Lensia_conoidea","Lensia_conoidea",TRUE,0.933333337306976,863148,FALSE,"",1
"Lepidonotothen_nudifrons","Lepidonotothen_nudifrons",TRUE,0.958333313465118,260052,FALSE,"",1
"Lepidonotothen_squamifrons","Lepidonotothen_squamifrons",TRUE,0.961538434028625,598968,FALSE,"",1
"Lepidonotus_squamatus","Lepidonotus_squamatus",TRUE,0.952380955219269,974925,FALSE,"sibling_higher",1
"Lepisosteus_platyrhincus","Lepisosteus_platyrhincus",TRUE,0.958333313465118,804455,FALSE,"",3
"Lepomis_gibbosus","Lepomis_gibbosus",TRUE,0.9375,670266,FALSE,"",2
"Lepomis_macrochirus","Lepomis_macrochirus",TRUE,0.947368443012238,836783,FALSE,"",2
"Lepomis_marginatus","Lepomis_marginatus",TRUE,0.944444417953491,943380,FALSE,"",1
"Lepomis_microlophus","Lepomis_microlophus",TRUE,0.947368443012238,271244,FALSE,"",1
"Lepomis_punctatus","Lepomis_punctatus",TRUE,0.941176474094391,271257,FALSE,"",2
"Leposoma_parietale","Loxopholis_parietalis",TRUE,0.944444417953491,838439,FALSE,"",1
"Leposoma_percarinatum","Loxopholis_percarinatum",TRUE,0.952380955219269,322420,FALSE,"",1
"Lepsiella_vinosa","Bedeva_vinosa",TRUE,0.9375,1083220,FALSE,"",2
"Leptasterias_hexactis","Leptasterias_hexactis",TRUE,0.952380955219269,658147,FALSE,"sibling_higher",1
"Leptasterias_polaris","Leptasterias_polaris",TRUE,0.949999988079071,463287,FALSE,"sibling_higher",1
"Leptobotia_elongata","Leptobotia_elongata",TRUE,0.947368443012238,804295,FALSE,"",1
"Leptonychotes_weddellii","Leptonychotes_weddellii",TRUE,0.95652174949646,175259,FALSE,"",2
"Leptophis_mexicanus","Leptophis_mexicanus",TRUE,0.947368443012238,4121530,FALSE,"",3
"Lethrinus_borbonicus","Lethrinus_borbonicus",TRUE,0.949999988079071,850621,FALSE,"",1
"Lethrinus_mahsena","Lethrinus_mahsena",TRUE,0.941176474094391,229733,FALSE,"",1
"Lethrinus_microdon","Lethrinus_microdon",TRUE,0.944444417953491,850606,FALSE,"",2
"Lethrinus_nebulosus","Lethrinus_nebulosus",TRUE,0.947368443012238,850597,FALSE,"",3
"Leucorchestris_arenicola","Leucorchestris_arenicola",TRUE,0.958333313465118,3551243,FALSE,"",1
"Leucorchestris_steyni","Leucorchestris_steyni",TRUE,0.952380955219269,3551544,FALSE,"",1
"Leuroglossus_schmidti","Leuroglossus_schmidti",TRUE,0.952380955219269,7517,FALSE,"",1
"Lialis_burtoni","Lialis_burtonis",TRUE,0.928571403026581,24142,FALSE,"",2
"Liocarcinus_depurator","Liocarcinus_depurator",TRUE,0.952380955219269,449977,FALSE,"",1
"Liocarcinus_holsatus","Liocarcinus_holsatus",TRUE,0.949999988079071,99731,FALSE,"",1
"Liodytes_rigida","Liodytes_rigida",TRUE,0.933333337306976,505616,FALSE,"",1
"Liopeltis_vernalis","Opheodrys_vernalis",TRUE,0.944444417953491,593540,FALSE,"",1
"Lithobates_sphenocephalus","Rana_sphenocephala",TRUE,0.959999978542328,61437,FALSE,"",2
"Lithobius_crassipes","Lithobius_crassipes",TRUE,0.947368443012238,53152,FALSE,"",6
"Lithobius_curtipes","Lithobius_curtipes",TRUE,0.944444417953491,925460,FALSE,"",1
"Lithobius_mutabilis","Lithobius_mutabilis",TRUE,0.947368443012238,267601,FALSE,"",3
"Lithodoras_dorsalis","Lithodoras_dorsalis",TRUE,0.947368443012238,623743,FALSE,"",1
"Liza_aurata","Chelon_auratus",TRUE,0.90909093618393,418662,FALSE,"",1
"Liza_ramada","Chelon_ramada",TRUE,0.90909093618393,668241,FALSE,"",2
"Liza_saliens","Chelon_saliens",TRUE,0.916666686534882,418656,FALSE,"",1
"Loligo_forbesii","Loligo_forbesii",TRUE,0.933333337306976,528832,FALSE,"",2
"Loligo_pealei","Doryteuthis_pealeii",TRUE,0.923076927661896,241285,FALSE,"",3
"Loligo_vulgaris","Loligo_vulgaris",TRUE,0.933333337306976,1054848,FALSE,"",1
"Loricera_pilicornis","Loricera_pilicornis",TRUE,0.947368443012238,230604,FALSE,"",2
"Lucania_goodei","Lucania_goodei",TRUE,0.928571403026581,84261,FALSE,"",1
"Lucania_parva","Lucania_parva",TRUE,0.923076927661896,839518,FALSE,"",1
"Lucasium_stenodactylum","Lucasium_stenodactylum",TRUE,0.954545438289642,431042,FALSE,"",1
"Luidia_ciliaris","Luidia_ciliaris",TRUE,0.933333337306976,332056,FALSE,"",1
"Luidia_clathrata","Luidia_clathrata",TRUE,0.9375,337934,FALSE,"",3
"Luidia_foliolata","Luidia_foliolata",TRUE,0.9375,258317,FALSE,"",1
"Luidia_quinaria","Luidia_quinaria",TRUE,0.933333337306976,367765,FALSE,"",1
"Luidia_sarsi","Luidia_sarsi",TRUE,0.916666686534882,24895,FALSE,"",2
"Lutjanus_bohar","Lutjanus_bohar",TRUE,0.928571403026581,333352,FALSE,"",3
"Lutjanus_gibbus","Lutjanus_gibbus",TRUE,0.933333337306976,333344,FALSE,"",2
"Lutjanus_jocu","Lutjanus_jocu",TRUE,0.923076927661896,943192,FALSE,"",1
"Lutjanus_kasmira","Lutjanus_kasmira",TRUE,0.9375,333340,FALSE,"",2
"Luxilus_cornutus","Luxilus_cornutus",TRUE,0.9375,96051,FALSE,"",1
"Lyciasalamandra_luschani","Lyciasalamandra_luschani",TRUE,0.958333313465118,1012890,FALSE,"",1
"Lygodactylus_capensis","Lygodactylus_capensis",TRUE,0.952380955219269,43346,FALSE,"sibling_higher",1
"Lygodactylus_picturatus","Lygodactylus_picturatus",TRUE,0.95652174949646,1085744,FALSE,"sibling_higher",2
"Lynx_lynx","Lynx_lynx",TRUE,0.888888895511627,886829,FALSE,"",1
"Lynx_rufus","Lynx_rufus",TRUE,0.899999976158142,507545,FALSE,"",2
"Mabuya_planifrons","Trachylepis_planifrons",TRUE,0.941176474094391,4123483,FALSE,"",1
"Maccullochella_peelii","Maccullochella_peelii",TRUE,0.952380955219269,538656,FALSE,"",2
"Macropinna_microstoma","Macropinna_microstoma",TRUE,0.952380955219269,584432,FALSE,"",1
"Makaira_nigricans","Makaira_nigricans",TRUE,0.941176474094391,696461,FALSE,"",2
"Marcusenius_macrolepidotus","Marcusenius_macrolepidotus",TRUE,0.961538434028625,1016851,FALSE,"",1
"Martes_americana","Martes_americana",TRUE,0.9375,923116,FALSE,"",2
"Martes_foina","Martes_foina",TRUE,0.916666686534882,348047,FALSE,"",1
"Mastacembelus_frenatus","Mastacembelus_frenatus",TRUE,0.954545438289642,546685,FALSE,"",5
"Masticophis_flagellum","Masticophis_flagellum",TRUE,0.952380955219269,1032608,FALSE,"",1
"Maurolicus_muelleri","Maurolicus_muelleri",TRUE,0.947368443012238,540470,FALSE,"",3
"Mediaster_aequalis","Mediaster_aequalis",TRUE,0.944444417953491,658159,FALSE,"",1
"Megadyptes_antipodes","Megadyptes_antipodes",TRUE,0.949999988079071,429618,FALSE,"",1
"Meganyctiphanes_norvegica","Meganyctiphanes_norvegica",TRUE,0.959999978542328,151806,FALSE,"",1
"Megenaster_gelatinous","Meyenaster_gelatinosus",TRUE,0.863636374473572,752702,FALSE,"",1
"Melamphaes_lugubris","Melamphaes_lugubris",TRUE,0.947368443012238,273421,FALSE,"",2
"Melanotaenia_fluviatilis","Melanotaenia_fluviatilis",TRUE,0.958333313465118,224783,FALSE,"",1
"Menetia_greyii","Menetia_greyii",TRUE,0.928571403026581,733910,FALSE,"",1
"Menidia_beryllina","Menidia_beryllina",TRUE,0.941176474094391,804705,FALSE,"",1
"Menidia_peninsulae","Menidia_peninsulae",TRUE,0.944444417953491,800800,FALSE,"",1
"Meridiastra_gunnii","Meridiastra_gunnii",TRUE,0.944444417953491,644991,FALSE,"",1
"Meroles_suborbitalis","Meroles_suborbitalis",TRUE,0.949999988079071,996385,FALSE,"",1
"Mertensia_ovum","Mertensia_ovum",TRUE,0.928571403026581,523265,FALSE,"",1
"Mesotriton_alpestris","Ichthyosaura_alpestris",TRUE,0.949999988079071,159060,FALSE,"",1
"Microglanis_iheringi","Microglanis_iheringi",TRUE,0.949999988079071,1087479,FALSE,"",1
"Microphis_brachyurus","Oostethus_brachyurus",TRUE,0.949999988079071,495929,FALSE,"",1
"Micropogonias_undulatus","Micropogonias_undulatus",TRUE,0.95652174949646,987393,FALSE,"",2
"Micropterus_salmoides","Micropterus_salmoides",TRUE,0.952380955219269,230493,FALSE,"",2
"Microsternarchus_bilineatus","Microsternarchus_bilineatus",TRUE,0.962962985038757,164257,FALSE,"",1
"Mikrogeophagus_ramirezi","Mikrogeophagus_ramirezi",TRUE,0.95652174949646,316392,FALSE,"",2
"Mimetus_notius","Mimetus_notius",TRUE,0.928571403026581,794017,FALSE,"",2
"Mirounga_angustirostris","Mirounga_angustirostris",TRUE,0.95652174949646,175268,FALSE,"",1
"Mnemiopsis_leidyi","Mnemiopsis_leidyi",TRUE,0.941176474094391,161877,FALSE,"",1
"Mochlus_sundevallii","Mochlus_sundevalli",TRUE,0.947368443012238,900559,FALSE,"",2
"Moenkhausia_forestii","Moenkhausia_forestii",TRUE,0.949999988079071,319761,FALSE,"",1
"Moloch_horridus","Moloch_horridus",TRUE,0.933333337306976,116307,FALSE,"",1
"Monachus_monachus","Monachus_monachus",TRUE,0.941176474094391,759722,FALSE,"",2
"Morethia_butleri","Morethia_butleri",TRUE,0.9375,155780,FALSE,"",1
"Mormyrus_lacerda","Mormyrus_lacerda",TRUE,0.9375,3643924,FALSE,"",1
"Morone_americana","Morone_americana",TRUE,0.9375,769292,FALSE,"",2
"Morone_chrysops","Morone_chrysops",TRUE,0.933333337306976,246133,FALSE,"",1
"Moroteuthis_ingens","Onykia_ingens",TRUE,0.944444417953491,784784,FALSE,"",1
"Morula_musiva","Tenguella_musiva",TRUE,0.923076927661896,586019,FALSE,"",1
"Mugil_cephalus","Mugil_cephalus",TRUE,0.928571403026581,418648,FALSE,"",4
"Mus_musculus","Mus_musculus",TRUE,0.916666686534882,542509,FALSE,"",1
"Mustela_erminea","Mustela_erminea",TRUE,0.933333337306976,681184,FALSE,"",1
"Mustela_nivalis","Mustela_nivalis",TRUE,0.933333337306976,354525,FALSE,"",1
"Mustela_putorius","Mustela_putorius",TRUE,0.9375,923126,FALSE,"",1
"Mustelus_canis","Mustelus_canis",TRUE,0.928571403026581,976343,FALSE,"",1
"Mustelus_henlei","Mustelus_henlei",TRUE,0.933333337306976,1035182,FALSE,"",1
"Myctophum_aurolaternatum","Myctophum_aurolaternatum",TRUE,0.958333313465118,519259,FALSE,"",2
"Myctophum_spinosum","Myctophum_spinosum",TRUE,0.944444417953491,114280,FALSE,"",2
"Myliobatis_freminvillei","Myliobatis_freminvillei",TRUE,0.95652174949646,781226,FALSE,"",2
"Mysis_mixta","Mysis_mixta",TRUE,0.90909093618393,777293,FALSE,"",1
"Nandopsis_dovii","Parachromis_dovii",TRUE,0.933333337306976,295717,FALSE,"",1
"Nandopsis_friedrichsthalii","Parachromis_friedrichsthalii",TRUE,0.961538434028625,63349,FALSE,"",1
"Nandopsis_urophthalmus","Cichlasoma_urophthalmum",TRUE,0.954545438289642,969102,FALSE,"sibling_higher",2
"Nansenia_candida","Nansenia_candida",TRUE,0.9375,992672,FALSE,"",1
"Natrix_sipedon","Nerodia_sipedon",TRUE,0.928571403026581,405962,FALSE,"",2
"Natrix_taxispilota","Nerodia_taxispilota",TRUE,0.944444417953491,769289,FALSE,"",1
"Nebria_brevicollis","Nebria_brevicollis",TRUE,0.944444417953491,686814,FALSE,"",1
"Necora_puber","Necora_puber",TRUE,0.916666686534882,613653,FALSE,"",1
"Negaprion_brevirostris","Negaprion_brevirostris",TRUE,0.954545438289642,450137,FALSE,"",2
"Neogobius_fluviatilis","Neogobius_fluviatilis",TRUE,0.952380955219269,496698,FALSE,"",3
"Neogobius_melanostomus","Neogobius_melanostomus",TRUE,0.954545438289642,475633,FALSE,"",2
"Nephrurus_laevissimus","Nephrurus_laevissimus",TRUE,0.952380955219269,614488,FALSE,"",2
"Nephrurus_levis","Nephrurus_levis",TRUE,0.933333337306976,256960,FALSE,"",4
"Nephrurus_vertebralis","Nephrurus_vertebralis",TRUE,0.952380955219269,583137,FALSE,"",2
"Nephtys_caeca","Nephtys_caeca",TRUE,0.923076927661896,642691,FALSE,"",1
"Nephtys_hombergii","Nephtys_hombergii",TRUE,0.941176474094391,336916,FALSE,"",3
"Nephys_bucera","Nephtys_bucera",TRUE,0.857142865657806,4985102,FALSE,"",1
"Nerodia_cyclopion","Nerodia_cyclopion",TRUE,0.941176474094391,1082130,FALSE,"",1
"Nerodia_erythrogaster","Nerodia_erythrogaster",TRUE,0.952380955219269,353725,FALSE,"",2
"Nerodia_fasciata","Nerodia_fasciata",TRUE,0.9375,353717,FALSE,"",2
"Nerodia_rhombifera","Nerodia_rhombifer",TRUE,0.944444417953491,505612,FALSE,"",2
"Nerophis_ophidion","Nerophis_ophidion",TRUE,0.941176474094391,806821,FALSE,"",1
"Notiophilus_biguttatus","Notiophilus_biguttatus",TRUE,0.954545438289642,479488,FALSE,"",1
"Notophthalmus_viridescens","Notophthalmus_viridescens",TRUE,0.959999978542328,566015,FALSE,"",1
"Notorynchus_cepedianus","Notorynchus_cepedianus",TRUE,0.954545438289642,290409,FALSE,"",2
"Notostomus_gibbosus","Notostomus_gibbosus",TRUE,0.947368443012238,475269,FALSE,"",1
"Notothenia_coriiceps","Notothenia_coriiceps",TRUE,0.949999988079071,258643,FALSE,"",2
"Notothenia_rossii","Notothenia_rossii",TRUE,0.941176474094391,598964,FALSE,"",1
"Notropis_hudsonius","Notropis_hudsonius",TRUE,0.944444417953491,135051,FALSE,"",1
"Noturus_gyrinus","Noturus_gyrinus",TRUE,0.933333337306976,652777,FALSE,"",1
"Nucella_canaliculata","Nucella_canaliculata",TRUE,0.949999988079071,1085941,FALSE,"",2
"Nucella_emarginata","Nucella_emarginata",TRUE,0.944444417953491,1085951,FALSE,"",2
"Nucella_lapillus","Nucella_lapillus",TRUE,0.9375,509218,FALSE,"",1
"Nucella_ostrina","Nucella_ostrina",TRUE,0.933333337306976,22397,FALSE,"",1
"Nucifraga_columbiana","Nucifraga_columbiana",TRUE,0.949999988079071,425442,FALSE,"",1
"Nucras_tessellata","Nucras_tessellata",TRUE,0.941176474094391,437763,FALSE,"",1
"Obelia_dichotoma","Obelia_dichotoma",TRUE,0.9375,1097118,FALSE,"",2
"Oblada_melanura","Oblada_melanura",TRUE,0.933333337306976,528668,FALSE,"",2
"Oceanites_oceanicus","Oceanites_oceanicus",TRUE,0.947368443012238,656591,FALSE,"",1
"Ocenebra_lurida","Ocinebrina_lurida",TRUE,0.933333337306976,2909169,FALSE,"",2
"Ochmacanthus_alternus","Ochmacanthus_alternus",TRUE,0.952380955219269,56579,FALSE,"",1
"Ommastrephes_bartamii","Ommastrephes_bartramii",TRUE,0.90909093618393,754413,FALSE,"",2
"Oneirodes_thompsoni","Oneirodes_thompsoni",TRUE,0.947368443012238,36648,FALSE,"",1
"Opheodrys_aestivus","Opheodrys_aestivus",TRUE,0.944444417953491,259049,FALSE,"",2
"Ophiacantha_pentactis","Ophiacantha_pentactis",TRUE,0.952380955219269,3655196,FALSE,"sibling_higher",3
"Ophioglypha_sarsi","Ophiura_sarsii",TRUE,0.888888895511627,1076435,FALSE,"sibling_higher",2
"Ophioglypha_texturata","Ophiura_ophiura",TRUE,0.952380955219269,60289,FALSE,"sibling_higher",1
"Ophionotus_victoriae","Ophionotus_victoriae",TRUE,0.949999988079071,394241,FALSE,"",1
"Ophioperla_kohleri","Ophioperla_koehleri",TRUE,0.89473682641983,3655441,FALSE,"",1
"Ophiopholis_aculeata","Ophiopholis_aculeata",TRUE,0.949999988079071,146373,FALSE,"",1
"Ophiosparte_gigas","Ophiosparte_gigas",TRUE,0.941176474094391,1095337,FALSE,"",1
"Ophiothrix_fragilis","Ophiothrix_fragilis",TRUE,0.947368443012238,41884,FALSE,"sibling_higher",4
"Ophiura_albida","Ophiura_albida",TRUE,0.928571403026581,331948,FALSE,"sibling_higher",3
"Ophiurolepis_gelida","Ophioplinthus_gelida",TRUE,0.947368443012238,568759,FALSE,"",1
"Oreochromis_macrochir","Oreochromis_macrochir",TRUE,0.952380955219269,336337,FALSE,"sibling_higher",2
"Orthasterias_koehleri","Orthasterias_koehleri",TRUE,0.952380955219269,136032,FALSE,"",1
"Osornophryne_percrassa","Osornophryne_percrassa",TRUE,0.954545438289642,63574,FALSE,"",1
"Osteopilus_septentrionalis","Osteopilus_septentrionalis",TRUE,0.961538434028625,528961,FALSE,"",2
"Oswaldella_antarctica","Oswaldella_antarctica",TRUE,0.952380955219269,3682848,FALSE,"",2
"Otocyon_megalotis","Otocyon_megalotis",TRUE,0.941176474094391,821973,FALSE,"",1
"Ovalipes_catharus","Ovalipes_catharus",TRUE,0.941176474094391,2979114,FALSE,"",1
"Oxybelis_aeneus","Oxybelis_aeneus",TRUE,0.933333337306976,809248,FALSE,"",2
"Oxybelis_fulgidus","Oxybelis_fulgidus",TRUE,0.941176474094391,10062,FALSE,"",3
"Pachydactylus_bibronii","Chondrodactylus_bibronii",TRUE,0.954545438289642,435224,FALSE,"",1
"Pachydactylus_capensis","Pachydactylus_capensis",TRUE,0.954545438289642,676900,FALSE,"",4
"Pachydactylus_rugosus","Pachydactylus_rugosus",TRUE,0.952380955219269,153679,FALSE,"",1
"Pagurus_bernhardus","Pagurus_bernhardus",TRUE,0.944444417953491,929440,FALSE,"sibling_higher",3
"Panthera_leo","Panthera_leo",TRUE,0.916666686534882,563151,FALSE,"",1
"Pantherophis_alleghaniensis","Pantherophis_alleghaniensis",TRUE,0.962962985038757,689032,FALSE,"",1
"Paralichthys_lethostigma","Paralichthys_lethostigma",TRUE,0.958333313465118,375988,FALSE,"",2
"Paralithodes_camtschatica","Paralithodes_camtschaticus",TRUE,0.959999978542328,131917,FALSE,"",2
"Paramesothriton_hongkongensis","Paramesotriton_hongkongensis",TRUE,0.928571403026581,932570,FALSE,"",1
"Pardosa_ramulosa","Pardosa_ramulosa",TRUE,0.9375,3558106,FALSE,"",2
"Parmaturus_xaniurus","Parmaturus_xaniurus",TRUE,0.947368443012238,568234,FALSE,"",1
"Parvilux_ingens","Parvilux_ingens",TRUE,0.933333337306976,307336,FALSE,"",2
"Pedioplanis_lineoocellata","Pedioplanis_lineoocellata",TRUE,0.959999978542328,257070,FALSE,"",1
"Pedioplanis_namaquensis","Pedioplanis_namaquensis",TRUE,0.95652174949646,300885,FALSE,"",1
"Pellona_castelnaeana","Pellona_castelnaeana",TRUE,0.949999988079071,482290,FALSE,"",1
"Pelophylax_nigromaculatus","Pelophylax_nigromaculatus",TRUE,0.959999978542328,14673,FALSE,"",1
"Perca_fluviatilis","Perca_fluviatilis",TRUE,0.941176474094391,186488,FALSE,"",2
"Peristernia_australiensis","Peristernia_australiensis",TRUE,0.959999978542328,2898510,FALSE,"",1
"Peristernia_chlorostoma","Peristernia_chlorostoma",TRUE,0.95652174949646,2898746,FALSE,"",2
"Peristernia_forskali","Peristernia_forskalii",TRUE,0.904761910438538,2898743,FALSE,"",1
"Peristernia_nassatula","Peristernia_nassatula",TRUE,0.952380955219269,2898741,FALSE,"",2
"Peristernia_reincarnata","Peristernia_reincarnata",TRUE,0.95652174949646,2898508,FALSE,"",2
"Peristernia_ustulata","Peristernia_ustulata",TRUE,0.949999988079071,2898511,FALSE,"",3
"Petricia_vernicina","Petricia_vernicina",TRUE,0.944444417953491,845191,FALSE,"",1
"Petrocephalus_catostoma","Petrocephalus_catostoma",TRUE,0.95652174949646,39898,FALSE,"",3
"Phaeognathus_hubrichti","Phaeognathus_hubrichti",TRUE,0.954545438289642,319473,FALSE,"",1
"Phalacrocorax_aristotelis","Gulosus_aristotelis",TRUE,0.959999978542328,1021952,FALSE,"",1
"Phalacrocorax_carbo","Phalacrocorax_carbo",TRUE,0.947368443012238,969841,FALSE,"",1
"Phalacrocorax_melanoleucas","Microcarbo_melanoleucos",TRUE,0.923076927661896,9838,FALSE,"",1
"Phalacrocorax_sulcirostris","Phalacrocorax_sulcirostris",TRUE,0.961538434028625,443642,FALSE,"",2
"Phalacrocorax_varius","Phalacrocorax_varius",TRUE,0.949999988079071,701202,FALSE,"",2
"Pharyngochromis_darlingi","Pharyngochromis_darlingi",TRUE,0.958333313465118,3635799,FALSE,"",1
"Phoca_groenlandica","Phoca_groenlandica",TRUE,0.944444417953491,664062,FALSE,"sibling_higher",1
"Phoca_vitulina","Phoca_vitulina",TRUE,0.928571403026581,698422,FALSE,"sibling_higher",1
"Phrynobatrachus_mababiensis","Phrynobatrachus_mababiensis",TRUE,0.962962985038757,406427,FALSE,"",3
"Phrynosoma_platyrhinos","Phrynosoma_platyrhinos",TRUE,0.954545438289642,671419,FALSE,"",2
"Phtheirichthys_lineatus","Phtheirichthys_lineatus",TRUE,0.95652174949646,204918,FALSE,"",3
"Phyllodytes_luteolus","Phyllodytes_luteolus",TRUE,0.949999988079071,144103,FALSE,"",1
"Phyllomedusa_burmeisteri","Phyllomedusa_burmeisteri",TRUE,0.958333313465118,65473,FALSE,"sibling_higher",1
"Phyllomedusa_rohdei","Pithecopus_rohdei",TRUE,0.947368443012238,364552,FALSE,"",1
"Physeter_macrocephalus","Physeter_macrocephalus",TRUE,0.954545438289642,276851,FALSE,"sibling_higher",1
"Pimelodella","Pimelodella",FALSE,1,957296,FALSE,"",1
"Pisaster_brevispinus","Pisaster_brevispinus",TRUE,0.949999988079071,76842,FALSE,"",2
"Pisaster_ochraceus","Pisaster_ochraceus",TRUE,0.944444417953491,76843,FALSE,"",1
"Pituophis_melanoleucus","Pituophis_melanoleucus",TRUE,0.954545438289642,405961,FALSE,"",4
"Plagioscion_squamosissimus","Plagioscion_squamosissimus",TRUE,0.961538434028625,489923,FALSE,"",1
"Platichthys_flesus","Platichthys_flesus",TRUE,0.944444417953491,408331,FALSE,"",2
"Platycephalus_speculator","Platycephalus_speculator",TRUE,0.958333313465118,411598,FALSE,"",2
"Platynematichthys_notatus","Platynematichthys_notatus",TRUE,0.959999978542328,761562,FALSE,"",1
"Platyrhina_tangi","Platyrhina_tangi",TRUE,0.9375,3594804,FALSE,"",1
"Plesionika_acanthonotus","Plesionika_acanthonotus",TRUE,0.95652174949646,153754,FALSE,"sibling_higher",1
"Plesionika_edwardsii","Plesionika_edwardsii",TRUE,0.949999988079071,937710,FALSE,"sibling_higher",1
"Plesionika_gigliolii","Plesionika_gigliolii",TRUE,0.949999988079071,4665958,FALSE,"sibling_higher",1
"Plesionika_heterocarpus","Plesionika_heterocarpus",TRUE,0.95652174949646,499740,FALSE,"sibling_higher",1
"Plesionika_martia","Plesionika_martia",TRUE,0.941176474094391,153795,FALSE,"sibling_higher",1
"Plethodon_albagula","Plethodon_albagula",TRUE,0.944444417953491,162448,FALSE,"",1
"Plethodon_cinereus","Plethodon_cinereus",TRUE,0.944444417953491,923025,FALSE,"",1
"Plethodon_shermani","Plethodon_shermani",TRUE,0.944444417953491,942942,FALSE,"",1
"Pleurobrachia_pileus","Pleurobrachia_pileus",TRUE,0.949999988079071,626459,FALSE,"",1
"Pleurobranchaea_californica","Pleurobranchaea_californica",TRUE,0.962962985038757,473886,FALSE,"",1
"Pleurodema_diplolister","Pleurodema_diplolister",TRUE,0.954545438289642,806505,FALSE,"sibling_higher",2
"Pleuronectes_platessa","Pleuronectes_platessa",TRUE,0.952380955219269,408337,FALSE,"",4
"Plica_plica","Plica_plica",TRUE,0.90909093618393,761851,FALSE,"",1
"Plica_umbra","Plica_umbra",TRUE,0.90909093618393,761862,FALSE,"",1
"Poecilia_latipinna","Poecilia_latipinna",TRUE,0.944444417953491,998174,FALSE,"",1
"Pogonias_cromis","Pogonias_cromis",TRUE,0.933333337306976,897436,FALSE,"",1
"Pollimyrus_castelnaui","Pollimyrus_castelnaui",TRUE,0.952380955219269,1016847,FALSE,"",1
"Polysticta_stelleri","Polysticta_stelleri",TRUE,0.947368443012238,1050966,FALSE,"",2
"Pomadasys_crocro","Rhonciscus_crocro",TRUE,0.9375,479877,FALSE,"",1
"Pomatoschistus_microps","Pomatoschistus_microps",TRUE,0.954545438289642,1069642,FALSE,"",1
"Pomoxis_nigromaculatus","Pomoxis_nigromaculatus",TRUE,0.954545438289642,437614,FALSE,"",1
"Pontaster_tenuispinis","Pontaster_tenuispinus",TRUE,0.904761910438538,875661,FALSE,"",1
"Ponticola_kessleri","Ponticola_kessleri",TRUE,0.944444417953491,496725,FALSE,"",1
"Poromitra_curilensis","Poromitra_curilensis",TRUE,0.949999988079071,3631074,FALSE,"",1
"Potamites_ecpleopus","Potamites_ecpleopus",TRUE,0.947368443012238,588798,FALSE,"",1
"Potamites_juruazensis","Potamites_juruazensis",TRUE,0.952380955219269,588797,FALSE,"",1
"Priacanthus_tayenus","Priacanthus_tayenus",TRUE,0.947368443012238,752890,FALSE,"",3
"Prionace_glauca","Prionace_glauca",TRUE,0.933333337306976,361523,FALSE,"",2
"Prionodactylus_oshaughnessyi","Cercosaura_oshaughnessyi",TRUE,0.964285731315613,967617,FALSE,"",1
"Pristobrycon","Pristobrycon",FALSE,1,597350,FALSE,"",1
"Pristobrycon_striolatus","Pristobrycon_striolatus",TRUE,0.95652174949646,597346,FALSE,"",2
"Protomyctophum_anderssoni","Krefftichthys_anderssoni",TRUE,0.959999978542328,785196,FALSE,"",1
"Protomyctophum_bolini","Protomyctophum_bolini",TRUE,0.952380955219269,752882,FALSE,"sibling_higher",1
"Protomyctophum_choriodon","Protomyctophum_choriodon",TRUE,0.958333313465118,357757,FALSE,"sibling_higher",1
"Protomyctophum_tenisoni","Protomyctophum_tenisoni",TRUE,0.95652174949646,3629399,FALSE,"sibling_higher",1
"Protomyctophum_thompsoni","Protomyctophum_thompsoni",TRUE,0.958333313465118,785202,FALSE,"sibling_higher",1
"Psellogrammus_kennedyi","Psellogrammus_kennedyi",TRUE,0.954545438289642,575370,FALSE,"",1
"Pseudis_bolbodactyla","Pseudis_bolbodactyla",TRUE,0.949999988079071,677455,FALSE,"",1
"Pseudis_limellum","Pseudis_limellum",TRUE,0.9375,1088048,FALSE,"",1
"Pseudis_minuta","Pseudis_minuta",TRUE,0.928571403026581,173495,FALSE,"",2
"Pseudis_paradoxa","Pseudis_paradoxa",TRUE,0.9375,1035873,FALSE,"",2
"Pseudis_tocantins","Pseudis_tocantins",TRUE,0.941176474094391,677469,FALSE,"",1
"Pseudocrenilabrus_philander","Pseudocrenilabrus_philander",TRUE,0.962962985038757,828443,FALSE,"",1
"Pseudogonatodes_guianensis","Pseudogonatodes_guianensis",TRUE,0.961538434028625,935362,FALSE,"",2
"Pseudotriton_ruber","Pseudotriton_ruber",TRUE,0.944444417953491,1017693,FALSE,"",1
"Psilaster_andromeda","Psilaster_andromeda",TRUE,0.947368443012238,3656962,FALSE,"",1
"Psilaster_pectinatus","Psilaster_pectinatus",TRUE,0.949999988079071,589804,FALSE,"",1
"Ptenopus_garrulus","Ptenopus_garrulus",TRUE,0.941176474094391,4122801,FALSE,"",1
"Pteroplatytrygon_violacea","Pteroplatytrygon_violacea",TRUE,0.959999978542328,478977,FALSE,"",1
"Pterostichus_melanaria","Pterostichus_melanarius",TRUE,0.869565188884735,1046677,FALSE,"",1
"Ptychadena_anchietae","Ptychadena_anchietae",TRUE,0.949999988079071,160735,FALSE,"",1
"Ptychadena_mascareniensis","Ptychadena_mascareniensis",TRUE,0.959999978542328,799886,FALSE,"",2
"Puma_concolor","Puma_concolor",TRUE,0.923076927661896,42307,FALSE,"",1
"Pungitius_pungitius","Pungitius_pungitius",TRUE,0.947368443012238,561269,FALSE,"",1
"Pusa_hispida","Pusa_hispida",TRUE,0.916666686534882,175251,FALSE,"",1
"Pycnopodia_helianthoides","Pycnopodia_helianthoides",TRUE,0.958333313465118,197638,FALSE,"",1
"Pygocentrus_cariba","Pygocentrus_cariba",TRUE,0.944444417953491,681015,FALSE,"",2
"Pygopristis_denticulatus","Pygopristis_denticulata",TRUE,0.869565188884735,512352,FALSE,"",1
"Pygopus_nigriceps","Pygopus_nigriceps",TRUE,0.941176474094391,836591,FALSE,"",2
"Pygoscelis_papua","Pygoscelis_papua",TRUE,0.9375,1028837,FALSE,"",1
"Pyrrhulina_lugubris","Pyrrhulina_lugubris",TRUE,0.947368443012238,3624408,FALSE,"",1
"Pytenestes_ostrinus","Pyrenestes_ostrinus",TRUE,0.89473682641983,969503,FALSE,"",1
"Quasipaa_verrucospinosa","Quasipaa_verrucospinosa",TRUE,0.95652174949646,223113,FALSE,"",1
"Quelea_erythrops","Quelea_erythrops",TRUE,0.9375,3597756,FALSE,"",1
"Rachovia_maculipinnis","Rachovia_maculipinnis",TRUE,0.952380955219269,663844,FALSE,"",1
"Raja_radula","Raja_radula",TRUE,0.90909093618393,607390,FALSE,"",1
"Raja_velezi","Raja_velezi",TRUE,0.90909093618393,126586,FALSE,"",1
"Rana_areolata","Rana_areolata",TRUE,0.923076927661896,413846,FALSE,"",1
"Rana_aurora_draytonii","Rana_draytonii",TRUE,0.904761910438538,597569,FALSE,"",2
"Rana_catesbeiana","Rana_catesbeiana",TRUE,0.9375,14688,FALSE,"",2
"Rana_graeca","Rana_graeca",TRUE,0.90909093618393,886097,FALSE,"",1
"Rana_limnocharis","Fejervarya_limnocharis",TRUE,0.9375,656225,FALSE,"",1
"Rana_swinhoana","Odorrana_swinhoana",TRUE,0.928571403026581,14392,FALSE,"",1
"Ranitomeya_virolinensis","Andinobates_virolinensis",TRUE,0.95652174949646,296388,FALSE,"",1
"Rathbunaster_californicus","Rathbunaster_californicus",TRUE,0.959999978542328,781471,FALSE,"",1
"Rathkea_octopunctata","Rathkea_octopunctata",TRUE,0.949999988079071,349960,FALSE,"",1
"Rattus_rattus","Rattus_rattus",TRUE,0.923076927661896,271571,FALSE,"",1
"Regina_alleni","Liodytes_alleni",TRUE,0.923076927661896,1082133,FALSE,"",1
"Regina_grahami","Regina_grahamii",TRUE,0.928571403026581,505611,FALSE,"",2
"Regina_septemvittata","Regina_septemvittata",TRUE,0.949999988079071,505615,FALSE,"",1
"Remora_brachyptera","Remora_brachyptera",TRUE,0.944444417953491,204925,FALSE,"",1
"Remora_osteochir","Remora_osteochir",TRUE,0.9375,1047853,FALSE,"",1
"Remora_remora","Remora_remora",TRUE,0.923076927661896,114802,FALSE,"",1
"Remorina_albenscens","Remorina_albescens",TRUE,0.888888895511627,204911,FALSE,"",2
"Retropinna_semoni","Retropinna_semoni",TRUE,0.941176474094391,37102,FALSE,"",2
"Rhamdia","Rhamdia",FALSE,1,218153,FALSE,"",1
"Rhamdia_guatemalensis","Rhamdia_guatemalensis",TRUE,0.952380955219269,195322,FALSE,"",1
"Rhamphichthys_marmoratus","Rhamphichthys_marmoratus",TRUE,0.958333313465118,444,FALSE,"",1
"Rhincodon_typus","Rhincodon_typus",TRUE,0.933333337306976,214509,FALSE,"",3
"Rhinella_hoogmoedi","Rhinella_hoogmoedi",TRUE,0.944444417953491,777275,FALSE,"",1
"Rhizoprionodon_terraenovae","Rhizoprionodon_terraenovae",TRUE,0.961538434028625,611836,FALSE,"",2
"Rhynchoedura_ornata","Rhynchoedura_ornata",TRUE,0.947368443012238,495356,FALSE,"",1
"Rissa_tridactyla","Rissa_tridactyla",TRUE,0.9375,585161,FALSE,"",1
"Rivulus_isthmensis","Cynodonichthys_isthmensis",TRUE,0.944444417953491,684063,FALSE,"",1
"Roeboides_dayi","Roeboides_dayi",TRUE,0.928571403026581,482072,FALSE,"",1
"Roeboides_guatemalensis","Roeboides_guatemalensis",TRUE,0.95652174949646,482068,FALSE,"",1
"Sagamichthys_abei","Sagamichthys_abei",TRUE,0.941176474094391,592550,FALSE,"",1
"Sagitta_bipunctata","Sagitta_bipunctata",TRUE,0.944444417953491,778688,FALSE,"",1
"Sagitta_elegans","Sagitta_elegans",TRUE,0.933333337306976,49627,FALSE,"",2
"Sagitta_enflata","Sagitta_enflata",TRUE,0.933333337306976,273695,FALSE,"",2
"Sagitta_friderici","Parasagitta_friderici",TRUE,0.941176474094391,3660498,FALSE,"",1
"Sagitta_gazellae","Sagitta_gazellae",TRUE,0.9375,476665,FALSE,"",2
"Sagitta_serratodentata","Sagitta_serratodentata",TRUE,0.954545438289642,476667,FALSE,"",2
"Sagitta_setosa","Sagitta_setosa",TRUE,0.928571403026581,476668,FALSE,"",2
"Salamandra_corsica","Salamandra_corsica",TRUE,0.944444417953491,958220,FALSE,"",1
"Salamandra_lanzai","Salamandra_lanzai",TRUE,0.941176474094391,873622,FALSE,"",1
"Salamandrina_perspicillata","Salamandrina_perspicillata",TRUE,0.961538434028625,254332,FALSE,"",1
"Salvelinus_alpinus","Salvelinus_alpinus",TRUE,0.944444417953491,688324,FALSE,"",1
"Sander_lucioperca","Sander_lucioperca",TRUE,0.941176474094391,557682,FALSE,"",1
"Sargochromis_carlottae","Sargochromis_carlottae",TRUE,0.954545438289642,465681,FALSE,"",2
"Sargochromis_codringtonii","Sargochromis_codringtonii",TRUE,0.959999978542328,465685,FALSE,"",2
"Sargochromis_giardi","Sargochromis_giardi",TRUE,0.947368443012238,1063570,FALSE,"",2
"Satanoperca_daemon","Satanoperca_daemon",TRUE,0.944444417953491,1044199,FALSE,"",1
"Sceloporus_magister","Sceloporus_magister",TRUE,0.947368443012238,342583,FALSE,"",1
"Schilbe_mystus","Schilbe_mystus",TRUE,0.928571403026581,1016850,FALSE,"",3
"Schoutedenella_xenodactyloides","Arthroleptis_xenodactyloides",TRUE,0.966666638851166,107609,FALSE,"",1
"Sciaenops_ocellatus","Sciaenops_ocellatus",TRUE,0.947368443012238,433079,FALSE,"",2
"Scomber_scombrus","Scomber_scombrus",TRUE,0.9375,70561,FALSE,"",1
"Scopelogadus_mizolepis","Scopelogadus_mizolepis",TRUE,0.954545438289642,960323,FALSE,"",1
"Scopelosaurus_adleri","Scopelosaurus_adleri",TRUE,0.949999988079071,3629276,FALSE,"",1
"Scyliorhinus_canicula","Scyliorhinus_canicula",TRUE,0.952380955219269,1026500,FALSE,"",3
"Scyliorhinus_stellaris","Scyliorhinus_stellaris",TRUE,0.954545438289642,901864,FALSE,"",1
"Scytodes_longipes","Scytodes_longipes",TRUE,0.941176474094391,3541723,FALSE,"",1
"Searlesia_dira","Lirabuccinum_dirum",TRUE,0.928571403026581,396109,FALSE,"",1
"Semotilus_corporalis","Semotilus_corporalis",TRUE,0.949999988079071,964884,FALSE,"",1
"Sepia_officinalis","Sepia_officinalis",TRUE,0.941176474094391,528817,FALSE,"",1
"Serrabrycon_magoi","Serrabrycon_magoi",TRUE,0.941176474094391,3625983,FALSE,"",1
"Serranochromis_altus","Serranochromis_altus",TRUE,0.949999988079071,516047,FALSE,"",2
"Serranochromis_angusticeps","Serranochromis_angusticeps",TRUE,0.961538434028625,465664,FALSE,"",2
"Serranochromis_macrocephalus","Serranochromis_macrocephalus",TRUE,0.964285731315613,465668,FALSE,"",2
"Serranochromis_robustus","Serranochromis_robustus",TRUE,0.95652174949646,841786,FALSE,"",3
"Serrapinuus","Serrapinnus",TRUE,0.90909093618393,641495,FALSE,"",2
"Serrapinuus_notomelas","Serrapinnus_notomelas",TRUE,0.904761910438538,199867,FALSE,"",1
"Serrasalmus_irritans","Serrasalmus_irritans",TRUE,0.949999988079071,412298,FALSE,"",3
"Serrasalmus_manueli","Serrasalmus_manueli",TRUE,0.947368443012238,681000,FALSE,"",1
"Serrasalmus_rhombeus","Serrasalmus_rhombeus",TRUE,0.949999988079071,382210,FALSE,"",1
"Serrivomer_sector","Serrivomer_sector",TRUE,0.941176474094391,398735,FALSE,"",1
"Solaster_dawsoni","Solaster_dawsoni",TRUE,0.9375,258318,FALSE,"",1
"Solaster_endeca","Solaster_endeca",TRUE,0.933333337306976,24894,FALSE,"",1
"Solaster_stimpsoni","Solaster_stimpsoni",TRUE,0.944444417953491,977088,FALSE,"",1
"Solea_senegalensis","Solea_senegalensis",TRUE,0.944444417953491,366998,FALSE,"",2
"Somateria_mollissima","Somateria_mollissima",TRUE,0.949999988079071,785961,FALSE,"",2
"Somniosus_microcephalus","Somniosus_microcephalus",TRUE,0.95652174949646,442057,FALSE,"",1
"Sotalia_guianensis","Sotalia_guianensis",TRUE,0.944444417953491,250045,FALSE,"",1
"Spea_multiplicata","Spea_multiplicata",TRUE,0.941176474094391,1013104,FALSE,"",1
"Speleomantes_italicus","Hydromantes_italicus",TRUE,0.952380955219269,637551,FALSE,"",1
"Sphyraena_barracuda","Sphyraena_barracuda",TRUE,0.947368443012238,25363,FALSE,"incertae_sedis_inherited",3
"Sphyrna_lewini","Sphyrna_lewini",TRUE,0.928571403026581,450134,FALSE,"",2
"Sphyrna_zygaena","Sphyrna_zygaena",TRUE,0.933333337306976,970843,FALSE,"",5
"Spinachia_spinachia","Spinachia_spinachia",TRUE,0.947368443012238,111671,FALSE,"",1
"Sprattus_sprattus","Sprattus_sprattus",TRUE,0.941176474094391,25768,FALSE,"",2
"Stenella_attenuata","Stenella_attenuata",TRUE,0.944444417953491,124220,FALSE,"sibling_higher",2
"Stenobrachius_leucopsarus","Stenobrachius_leucopsarus",TRUE,0.959999978542328,169233,FALSE,"",1
"Stenobrachius_nannochir","Stenobrachius_nannochir",TRUE,0.95652174949646,341485,FALSE,"",1
"Sternoptyx_diaphana","Sternoptyx_diaphana",TRUE,0.947368443012238,602717,FALSE,"",3
"Sternoptyx_pseudobscura","Sternoptyx_pseudobscura",TRUE,0.95652174949646,568250,FALSE,"",2
"Stomias_atriventer","Stomias_atriventer",TRUE,0.944444417953491,47469,FALSE,"",1
"Storeria_dekayi","Storeria_dekayi",TRUE,0.933333337306976,505605,FALSE,"",1
"Storeria_occipitomaculata","Storeria_occipitomaculata",TRUE,0.959999978542328,511700,FALSE,"",1
"Stramonita_haemastoma","Stramonita_haemastoma",TRUE,0.952380955219269,663884,FALSE,"",2
"Strophurus_elderi","Strophurus_elderi",TRUE,0.941176474094391,756065,FALSE,"",1
"Strophurus_strophurus","Strophurus_strophurus",TRUE,0.952380955219269,902093,FALSE,"",1
"Stylasterias_forreri","Stylasterias_forreri",TRUE,0.949999988079071,136031,FALSE,"",1
"Symbolophorus_californiensis","Symbolophorus_californiensis",TRUE,0.964285731315613,785193,FALSE,"",2
"Synbranchus_marmoratus","Synbranchus_marmoratus",TRUE,0.954545438289642,989907,FALSE,"",2
"Syngnathus_abaster","Syngnathus_abaster",TRUE,0.944444417953491,774429,FALSE,"",1
"Syngnathus_acus","Syngnathus_acus",TRUE,0.933333337306976,774440,FALSE,"",5
"Syngnathus_scovelli","Syngnathus_scovelli",TRUE,0.947368443012238,251400,FALSE,"",1
"Syngnathus_typhle","Syngnathus_typhle",TRUE,0.941176474094391,251396,FALSE,"",2
"Synodontis_leopardinus","Synodontis_leopardinus",TRUE,0.954545438289642,664985,FALSE,"",3
"Synodontis_macrostigma","Synodontis_macrostigma",TRUE,0.954545438289642,494913,FALSE,"",2
"Synodontis_nigromaculatus","Synodontis_nigromaculata",TRUE,0.959999978542328,577014,FALSE,"",2
"Synodontis_woosnami","Synodontis_woosnami",TRUE,0.947368443012238,664997,FALSE,"",1
"Tachypleus_tridentatus","Tachypleus_tridentatus",TRUE,0.954545438289642,511975,FALSE,"",1
"Tactostoma_macropus","Tactostoma_macropus",TRUE,0.947368443012238,847908,FALSE,"",2
"Tamoya_haplonema","Tamoya_haplonema",TRUE,0.9375,749475,FALSE,"",1
"Tantilla_coronata","Tantilla_coronata",TRUE,0.941176474094391,4121423,FALSE,"sibling_higher",1
"Tarletonbeania_crenularis","Tarletonbeania_crenularis",TRUE,0.959999978542328,692175,FALSE,"",2
"Tenguella_marginalba","Tenguella_marginalba",TRUE,0.949999988079071,506639,FALSE,"",1
"Thais_clavigera","Reishia_clavigera",TRUE,0.933333337306976,92194,FALSE,"",1
"Thais_lamellosa","Nucella_lamellosa",TRUE,0.933333337306976,509217,FALSE,"",1
"Thais_melones","Vasula_melones",TRUE,0.923076927661896,497228,FALSE,"",1
"Thalassoica_antarctica","Thalassoica_antarctica",TRUE,0.954545438289642,656580,FALSE,"",1
"Thamnophis_atratus","Thamnophis_atratus",TRUE,0.944444417953491,681050,FALSE,"",1
"Thamnophis_butleri","Thamnophis_butleri",TRUE,0.944444417953491,681053,FALSE,"",1
"Thamnophis_cyrtopsis","Thamnophis_cyrtopsis",TRUE,0.949999988079071,786613,FALSE,"",2
"Thamnophis_elegans","Thamnophis_elegans",TRUE,0.944444417953491,681054,FALSE,"",1
"Thamnophis_eques","Thamnophis_eques",TRUE,0.9375,681057,FALSE,"",1
"Thamnophis_ordinoides","Thamnophis_ordinoides",TRUE,0.952380955219269,631732,FALSE,"",1
"Thamnophis_radix","Thamnophis_radix",TRUE,0.9375,631806,FALSE,"",1
"Thamnophis_rufipunctatus","Thamnophis_rufipunctatus",TRUE,0.958333313465118,147044,FALSE,"",1
"Thamnophis_saurita","Thamnophis_saurita",TRUE,0.944444417953491,147067,FALSE,"",3
"Thamnophis_sirtalis","Thamnophis_sirtalis",TRUE,0.947368443012238,107027,FALSE,"",1
"Thecadactylus_rapicauda","Thecadactylus_rapicauda",TRUE,0.95652174949646,597587,FALSE,"",3
"Thoropa_miliaris","Thoropa_miliaris",TRUE,0.9375,1008742,FALSE,"",1
"Thrissacanthias_penicillatus","Thrissacanthias_penicillatus",TRUE,0.964285731315613,769826,FALSE,"",1
"Thunnus_albacares","Thunnus_albacares",TRUE,0.941176474094391,833188,FALSE,"",4
"Thysanoessa_raschi","Thysanoessa_raschii",TRUE,0.89473682641983,874753,FALSE,"",1
"Tilapia_mariae","Pelmatolapia_mariae",TRUE,0.928571403026581,910905,FALSE,"",1
"Timon_lepidus","Timon_lepidus",TRUE,0.923076927661896,430811,FALSE,"",1
"Tomopterna_crytotis","Tomopterna_cryptotis",TRUE,0.899999976158142,56902,FALSE,"",1
"Torpedo_peruana","Tetronarce_peruana",TRUE,0.933333337306976,3594641,FALSE,"",1
"Tosia_australis","Tosia_australis",TRUE,0.933333337306976,485458,FALSE,"sibling_higher",3
"Trachelyopterus_galeatus","Trachelyopterus_galeatus",TRUE,0.958333313465118,671060,FALSE,"",1
"Trachurus_mediterraneus","Trachurus_mediterraneus",TRUE,0.95652174949646,174577,FALSE,"",2
"Trachylepis_quinquetaeniata","Trachylepis_quinquetaeniata",TRUE,0.962962985038757,1030886,FALSE,"",1
"Trachylepis_spilogaster","Trachylepis_spilogaster",TRUE,0.95652174949646,38020,FALSE,"",1
"Trachylepis_striata","Trachylepis_striata",TRUE,0.947368443012238,689449,FALSE,"",3
"Trachylepis_variegata","Trachylepis_variegata",TRUE,0.952380955219269,52106,FALSE,"",2
"Trematomus_bernacchii","Trematomus_bernacchii",TRUE,0.952380955219269,985361,FALSE,"",2
"Trematomus_newnesi","Trematomus_newnesi",TRUE,0.944444417953491,85034,FALSE,"",1
"Triakis_megalopterus","Triakis_megalopterus",TRUE,0.949999988079071,748396,FALSE,"",1
"Trimeresurus_gracilis","Trimeresurus_gracilis",TRUE,0.952380955219269,450710,FALSE,"",1
"Trinectes_paulistanus","Trinectes_paulistanus",TRUE,0.952380955219269,153497,FALSE,"",1
"Triphoturus_mexicanus","Triphoturus_mexicanus",TRUE,0.952380955219269,396853,FALSE,"",1
"Trochia_cingulata","Trochia_cingulata",TRUE,0.941176474094391,4157681,FALSE,"",1
"Tropidurus_oreadicus","Tropidurus_oreadicus",TRUE,0.949999988079071,187679,FALSE,"",1
"Trygonorrhina_fasciata","Trygonorrhina_fasciata",TRUE,0.954545438289642,463555,FALSE,"",2
"Tubularia_ralphii","Tubularia_ralphii",TRUE,0.941176474094391,3681769,FALSE,"",3
"Tursiops_aduncus","Tursiops_aduncus",TRUE,0.9375,257323,FALSE,"",1
"Tursiops_truncatus","Tursiops_truncatus",TRUE,0.944444417953491,124230,FALSE,"",3
"Uma_scoparia","Uma_scoparia",TRUE,0.916666686534882,1062444,FALSE,"",1
"Uracentron_flaviceps","Uracentron_flaviceps",TRUE,0.949999988079071,761858,FALSE,"",3
"Uranoscodon_superciliosus","Uranoscodon_superciliosus",TRUE,0.959999978542328,32969,FALSE,"",4
"Uria_lomvia","Uria_lomvia",TRUE,0.90909093618393,551817,FALSE,"",1
"Urocyon_cinereoargenteus","Urocyon_cinereoargenteus",TRUE,0.958333313465118,685113,FALSE,"",1
"Uromacer_catesbyi","Uromacer_catesbyi",TRUE,0.941176474094391,736365,FALSE,"",1
"Uromacer_oxyrhynchus","Uromacer_oxyrhynchus",TRUE,0.949999988079071,579180,FALSE,"",2
"Urosalpinx_cinerea","Urosalpinx_cinerea",TRUE,0.944444417953491,850826,FALSE,"sibling_higher",2
"Urosaurus_graciosus","Urosaurus_graciosus",TRUE,0.947368443012238,647096,FALSE,"",1
"Ursus_arctos","Ursus_arctos",TRUE,0.916666686534882,872567,FALSE,"",1
"Uta_stansburiana","Uta_stansburiana",TRUE,0.9375,867320,FALSE,"",1
"Valencia_letourneuxi","Valencia_letourneuxi",TRUE,0.949999988079071,771627,FALSE,"",2
"Varanus_brevicauda","Varanus_brevicauda",TRUE,0.944444417953491,747037,FALSE,"sibling_higher",3
"Varanus_eremius","Varanus_eremius",TRUE,0.933333337306976,1024034,FALSE,"sibling_higher",1
"Varanus_gouldi","Varanus_gouldii",TRUE,0.928571403026581,172908,FALSE,"sibling_higher",2
"Varanus_tristis","Varanus_tristis",TRUE,0.933333337306976,1082444,FALSE,"sibling_higher",5
"Vulpes_chama","Vulpes_chama",TRUE,0.916666686534882,821968,FALSE,"",1
"Vulpes_velox","Vulpes_velox",TRUE,0.916666686534882,297455,FALSE,"",1
"Vulpes_vulpes","Vulpes_vulpes",TRUE,0.923076927661896,821964,FALSE,"",1
"Xantusia_vigilis","Xantusia_vigilis",TRUE,0.9375,139521,FALSE,"",1
"Xenagoniates_bondi","Xenagoniates_bondi",TRUE,0.944444417953491,2702,FALSE,"",1
"Xenopus_borealis","Xenopus_borealis",TRUE,0.9375,465091,FALSE,"",1
"Xiphias_gladius","Xiphias_gladius",TRUE,0.933333337306976,358621,FALSE,"",2
"Zachaenus_parvulus","Zachaenus_parvulus",TRUE,0.944444417953491,272157,FALSE,"",2
"Zapteryx_exasperata","Zapteryx_exasperata",TRUE,0.947368443012238,181823,FALSE,"",1
"Zapteryx_xyster","Zapteryx_xyster",TRUE,0.933333337306976,3594603,FALSE,"",1
"Zenaida_asiatica","Zenaida_asiatica",TRUE,0.9375,715580,FALSE,"",1
"Zenaida_macroura","Zenaida_macroura",TRUE,0.9375,183576,FALSE,"",2
